Name,Astronaut Year,Group,Status,Birth Year,Birth Date,Birth Place,Gender,Alma Mater,Undergraduate Major,Graduate Major,Occupation Field,Military Rank,Military Branch,Space Flights,Space Flight (hr),Space Walks,Space Walks (hr),Missions,Death Date,Death Mission
Jeffrey N. Williams,1996,16,Active,1958,1/18/58,"Superior, WI",Male,US Military Academy; US Naval Postgraduate School; US Naval War College,Applied Science & Engineering,Aeronautical Engineering; National Security & Strategic Studies,Military,Colonel,US Army (Retired),4,12818,5,32,"STS-101 (Atlantis), ISS-13 (Soyuz), ISS-21/22 (Soyuz), ISS-47/48 (Soyuz)",,
Scott J. Kelly,1996,16,Active,1964,2/21/64,"Orange, NJ",Male,State University of New York Maritime College; University of Tennessee-Knoxville,Electrical Engineering,Aviation Systems,Military,Captain,US Navy (Retired),4,12490,3,18,"STS-103 (Discovery), STS-118 (Endeavor), ISS-25/26 (Soyuz), ISS-43/44/45/46 (Soyuz)",,
Peggy A. Whitson,1996,16,Active,1960,2/9/60,"Mt. Ayr, IA",Female,Iowa Wesleyan College; Rice University,Chemistry & Biology,Biochemistry,Civilian,,,3,11698,7,46,"STS-111/113 (Endeavor), ISS-16 (Soyuz), ISS-50/51 (Soyuz)",,
E. Michael Fincke,1996,16,Active,1967,3/14/67,"Pittsburgh, PA",Male,MIT; Stanford University; University of Houston-Clear Lake,"Aeronautics & Astronautics; Earth, Atmospheric & Planetary Sciences",Aeronautics & Astronautics; Physical Sciences,Military,Colonel,US Air Force,3,9159,9,48,"ISS-09 (Soyuz), ISS-18 (Soyuz), STS-134 (Endeavor)",,
C. Michael Foale,1987,12,Active,1957,1/6/57,"Louth, England",Male,Cambridge University,Physics,Laboratory Astrophysics,Civilian,,,6,8970,4,22,"STS-45 (Atlantis), STS-56 (Discovery), STS-63 (Discovery), STS-84/86 (Atlantis), STS-103 (Discovery), ISS-08 (Soyuz)",,
Donald R. Pettit,1996,16,Active,1955,4/20/55,"Silverton, OR",Male,Oregon State University; University of Arizona,Chemical Engineering,Chemical Engineering,Civilian,,,3,8872,2,13,"ISS-6 (Soyuz), STS-126 (Endeavor), ISS-30/31 (Soyuz)",,
Sunita L. Williams,1998,17,Active,1965,9/19/65,"Euclid, OH",Female,US Naval Academy; Florida Institute of Technology,Physical Science,Engineering Management,Military,Captain,US Navy,2,7721,7,50,"STS-116/117 (Discovery/Atlantis), ISS-32/33 (Soyuz)",,
Michael E. Lopez-Alegria,1992,14,Retired,1958,5/30/58,"Madrid, Spain",Male,US Naval Academy; US Naval Postgraduate School,Systems Engineering,Aeronautical Engineering,Military,Captain,US Navy (Retired),3,6190,10,67,"STS-73 (Columbia), STS-92 (Discovery), STS-113 (Endeavor), ISS-14 (Soyuz)",,
Timothy L. Kopra,2000,18,Active,1963,4/9/63,"Austin, TX",Male,US Military Academy; Georgia Institute of Technology; US Army War College,Computer Science,Aerospace Engineering; Strategic Studies,Military,Colonel,US Army (Retired),2,5857,3,13,"STS-127/128 (Endeavor/Discovery), ISS-46/47 (Soyuz)",,
Carl E. Walz,1990,13,Retired,1955,9/6/55,"Cleveland, OH",Male,Kent State University; John Carroll University,Physics,Solid State Physics,Military,Colonel,US Air Force,4,5533,3,19,"STS-51 (Discovery), STS-65 (Columbia), STS-79 (Atlantis), STS-108/111 (Endeavor)",,
Leroy Chiao,1990,13,Retired,1960,8/28/60,"Milwaukee, WI",Male,University of California-Berkeley; University of California-Santa Barbara,Chemical Engineering,Chemical Engineering,Civilian,,,4,5503,6,36,"STS-65 (Columbia), STS-72 (Endeavor), STS-92 (Discovery), ISS-10 (Soyuz)",,
Richard A. Mastracchio,1996,16,Active,1960,2/11/60,"Waterbury, CT",Male,University of Connecticut; Rensselaer Polytechnic Institute; University of Houston-Clear Lake,Electrical Engineering; Computer Science,Electrical Engineering; Physical Sciences,Civilian,,,4,5461,9,53,"STS-106 (Atlantis), STS-118 (Endeavor), STS-131 (Discovery), ISS-38/39 (Soyuz)",,
Daniel W. Bursch,1990,13,Retired,1957,7/25/57,"Bristol, PA",Male,US Naval Academy; US Naval Postgraduate School,Physics,Engineering Science,Military,Captain,US Navy (Retired),4,5446,2,12,"STS-51 (Discovery), STS-68 (Endeavor), STS-77 (Endeavor), STS-108/111 (Endeavor)",,
William S. McArthur Jr. ,1990,3,Management,1951,7/26/51,"Laurinburg, NC",Male,US Military Academy; Georgia Institute of Technology,Applied Science & Engineering,Aerospace Engineering,Military,Colonel,US Army (Retired),4,5398,4,24,"STS-58 (Columbia), STS-74 (Atlantis), STS-92 (Discovery), ISS-12 (Soyuz)",,
Shannon W. Lucid,1978,8,Retired,1943,1/14/43,"Shanghai, China",Female,University of Oklahoma,Chemistry,Biochemistry,Civilian,,,5,5354,0,0,"STS 51-G (Discovery), STS-34 (Atlantis), STS-43 (Atlantis), STS-58 (Columbia), STS-76/79 (Atlantis)",,
Terry W. Virts Jr. ,2000,18,Active,1967,12/1/67,"Baltimore, MD",Male,US Air Force Academy; Embry-Riddle Aeronautical University,Mathematics,Aeronautics,Military,Colonel,US Air Force,2,5122,3,18,"STS-130 (Endeavor), ISS-42/43 (Soyuz)",,
Kenneth D. Bowersox,1987,12,Retired,1956,11/14/56,"Portsmouth, VA",Male,US Naval Academy; Columbia University,Aerospace Engineering,Mechanical Engineering,Military,Captain,US Navy (Retired),5,5078,2,13,"STS-50 (Columbia), STS-61 (Endeavor), STS-73 (Columbia), STS-82 (Discovery), STS-113 (Endeavor/Soyuz)",,
Michael R. Barratt,2000,18,Active,1959,4/16/59,"Vancouver, WA",Male,University of Washington; Northwestern University; Wright State University,Zoology,Medicine; Aerospace Medicine,Civilian,,,2,5075,1,5,"ISS-19/20 (Soyuz), STS-133 (Discovery)",,
Susan J. Helms,1990,13,Retired,1958,2/26/58,"Charlotte, NC",Female,US Air Force Academy; Stanford University,Aeronautical Engineering,Aeronautics & Astronautics,Military,Lieutenant General,US Air Force,5,5063,1,9,"STS-54 (Endeavor), STS-64 (Discovery), STS-78 (Columbia), STS-101 (Atlantis), STS-102/105 (Discovery)",,
Edward T. Lu,1995,15,Retired,1963,7/1/63,"Springfield, MA",Male,Cornell University; Stanford University,Electrical Engineering,Applied Physics,Civilian,,,3,4962,1,6,"STS-84 (Atlantis), STS-106 (Atlantis), ISS-07 (Soyuz)",,
John L. Phillips,1996,16,Retired,1951,4/15/51,"Ft. Belvoir, VA",Male,US Naval Academy; University of West Florida; University of California-Los Angeles,Mathematics; Russian,Aeronautical Systems; Geophysics & Space Physics,Military,Captain,US Naval Reserves (Retired),3,4880,1,5,"STS-100 (Endeavor), ISS-11 (Soyuz), STS-119 (Discovery)",,
James S. Voss,1987,12,Retired,1949,3/3/49,"Cordova, AL",Male,Auburn University; University of Colorado,Aerospace Engineering,Aerospace Engineering Sciences,Military,Colonel,US Army (Retired),5,4853,4,22,"STS-44 (Atlantis), STS-53 (Discovery), STS-69 (Endeavor), STS-101 (Atlantis), STS-102/105 (Discovery)",,
Gregory E. Chamitoff,1998,17,Active,1962,8/6/62,"Montreal, Canada",Male,California Polytechnic State University; California Institute of Technology; MIT,Electrical Engineering,Aeronautical Engineering; Aeronautics & Astronautics,Civilian,,,2,4770,2,13,"STS-124/126 (Discovery/Endeavor), STS-134 (Endeavor)",,
Steven R. Swanson,1998,17,Active,1960,12/3/60,"Syracuse, NY",Male,University of Colorado; Florida Atlantic University; Texas A&M University,Engineering Physics,Computer Systems; Computer Science,Civilian,,,3,4700,5,28,"STS-117 (Atlantis), STS-119 (Discovery), ISS-39/40 (Soyuz)",,
Michael E. Fossum,1998,17,Active,1957,12/19/57,"Sioux Falls, SD",Male,Texas A&M University; Air Force Institute of Technology; University of Houston-Clear Lake,Mechanical Engineering,Systems Engineering; Physical Science (Space Science),Civilian,,US Air Force Reserves (Retired),3,4651,7,48,"STS-121 (Discovery), STS-124 (Discovery), ISS-28/29 (Soyuz)",,
Tracy E. Caldwell (Dyson),1998,17,Active,1969,8/14/69,"Arcadia, CA",Female,California State University-Fullerton; University of California-Davis,Chemistry,Physical Chemistry,Civilian,,,2,4531,3,23,"STS-118 (Endeavor), ISS-23/24 (Soyuz)",,
Daniel C. Burbank,1996,16,Active,1961,7/27/61,"Machester, CT",Male,US Coast Guard Academy; Embry-Riddle Aeronautical University,Electrical Engineering,Aeronautical Science,Military,Captain,US Coast Guard (Retired),3,4512,1,7,"STS-106 (Atlantis), STS-115 (Atlantis), ISS-29/30 (Soyuz)",,
Christopher J. Cassidy,2004,19,Active,1970,1/4/70,"Salem, MA",Male,US Naval Academy; MIT,Mathematics,Ocean Engineering,Military,Commander,US Navy,1,4376,6,31,STS-127 (Endeavor); ISS-35/36 (Soyuz),,
Catherine G. Coleman,1992,14,Active,1960,12/14/60,"Charleston, SC",Female,MIT; University of Massachusetts,Chemistry,Polymer Science & Engineering,Military,Colonel,US Air Force (Retired),3,4324,0,0,"STS-73 (Columbia), STS-93 (Columbia), ISS-26/27 (Soyuz)",,
Karen L. Nyberg,2000,18,Active,1969,10/7/69,"Parker’s Prairie, MN",Female,University of North Dakota; University of Texas,Mechanical Engineering,Mechanical Engineering,Civilian,,,2,4320,0,0,"STS-124 (Discovery), ISS-36/37 (Soyuz)",,
Douglas H. Wheelock,1998,17,Active,1960,5/5/60,"Binghamton, NY",Male,US Military Academy; Georgia Institute of Technology,Applied Science & Engineering,Aerospace Engineering,Military,Colonel,US Army,2,4281,6,43,"STS-120 (Discovery), ISS-24/25 (Soyuz)",,
Barry E. Wilmore,2000,18,Active,1962,12/29/62,"Murfreesboro, TN",Male,Tennessee Technological University; University of Tennessee,Electrical Engineering,Electrical Engineering; Aviation Systems,Military,Captain,US Navy,2,4272,4,25,"STS-129 (Atlantis), ISS-41/42 (Soyuz)",,
Ronald J. Garan Jr. ,2000,18,Management,1961,10/20/61,"Yonkers, NY",Male,State University of New York; Embry-Riddle Aeronautical University; University of Florida,Business Economics,Aeronautics; Aerospace Engineering,Military,Colonel,US Air Force (Retired),2,4271,4,27,"STS-124 (Discovery), ISS-27/28 (Soyuz)",,
Andrew S. W. Thomas,1992,14,Management,1951,12/18/51,"Adelaide, Australia",Male,University of Adelaide,Mechanical Engineering,Mechanical Engineering,Civilian,,,4,4257,1,6,"STS-77 (Endeavor), STS-89/91 (Endeavor/Discovery), STS-102 (Discovery), STS-114 (Discovery)",,
David A. Wolf,1990,13,Retired,1956,8/23/56,"Indianapolis, IN",Male,Purdue University; Indiana University,Electrical Engineering,Medicine,Civilian,,,3,4044,7,41,"STS-58 (Columbia). STS-86/89 (Atlantis/Endeavor), STS-112 (Atlantis), STS-127 (Endeavor)",,
Clayton C. Anderson,1998,17,Retired,1959,2/23/59,"Omaha, NE",Male,Hastings College; Iowa State University,Physics,Aerospace Engineering,Civilian,,,2,4005,6,38,"STS-117/120 (Atlantis/Discovery), STS-131 (Discovery)",,
Michael S. Hopkins,2009,20,Active,1968,12/28/68,"Lebanon, MO",Male,University of Illinois; Stanford University,Aerospace Engineering,Aerospace Engineering,Military,Colonel,US Air Force,1,3990,2,13,ISS-37/38 (Soyuz),,
G. Reid Wiseman,2009,20,Active,1975,11/11/75,"Baltimore, MD",Male,Rensselaer Polytechnic Institute; Johns Hopkins University,Computer & Systems Engineering,Systems Engineering,Military,Commander,US Navy,1,3968,2,13,ISS-40/41 (Soyuz),,
Shannon Walker,2004,19,Active,1965,6/4/65,"Houston, TX",Female,Rice University,Space Physics,Space Physics,Civilian,,,1,3919,0,0,ISS-24/25 (Soyuz),,
Timothy J. Creamer,1998,17,Management,1959,11/15/59,"Ft. Huachuca, AZ",Male,Loyola College; MIT,Chemistry,Physics,Military,Colonel,US Army (Retired),1,3917,0,0,ISS-22/23 (Soyuz),,
Thomas H. Marshburn,2004,19,Active,1960,8/29/60,"Statesville, NC",Male,Davidson College; University of Virginia; Wake Forest University; University of Texas Medical Branch-Galveston,Physics,Engineering Physics; Medicine; Medical Science,Civilian,,,2,3871,4,24,"STS-127 (Endeavor), ISS-34/35 (Soyuz)",,
John E. Blaha,1980,9,Retired,1942,8/26/42,"San Antonio, TX",Male,US Air Force Academy; Purdue University,Engineering Science,Astronautical Engineering,Military,Colonel,US Air Force (Retired),5,3861,0,0,"STS-29 (Discovery), STS-33 (Discovery), STS-43 (Atlantis), STS-58 (Columbia), STS-79/81 (Atlantis/Atlantis)",,
William M. Shepherd,1984,10,Retired,1949,7/26/49,"Oak Ridge, TN",Male,US Naval Academy; MIT,Aerospace Engineering,Mechanical  Engineering,Military,Captain,US Navy (Retired),4,3823,0,0,"STS-37 (Atlantis), STS-41 (Discovery), STS-52 (Columbia), ISS-01/STS-102 (Soyuz/Discovery)",,
Kevin A. Ford,2000,18,Active,1960,7/7/60,"Portland, IN",Male,University of Notre Dame; Troy State University; University of Florida; Air Force Institute of Technology,Aerospace Engineering,International Relations; Aerospace Engineering; Astronautical Engineering,Military,Colonel,US Air Force (Retired),2,3781,0,0,"STS-128 (Discovery), ISS-33/34 (Soyuz)",,
Sandra H. Magnus,1996,16,Retired,1964,10/30/64,"Belleville, IL",Female,University of Missouri-Rolla; Georgia Institute of Technology,Physics,Electrical Engineering; Materials Science & Engineering,Civilian,,,3,3776,0,0,"STS-112 (Atlantis), STS-126/119 (Endeavor/Discovery), STS-135 (Atlantis)",,
Robert Shane Kimbrough,2004,19,Active,1967,6/4/67,"Killeen, TX",Male,US Military Academy; Georgia Institute of Technology,Aerospace Engineering,Operations Research,Military,Colonel,US Army,3,3720,4,25,"STS-126 (Endeavor), ISS-49/50 (Soyuz)",,
Frank L. Culbertson Jr. ,1984,10,Retired,1949,5/15/49,"Charleston, SC",Male,US Naval Academy,Aerospace Engineering,,Military,Captain,US Navy (Retired),3,3446,1,5,"STS-38 (Atlantis), STS-51 (Discovery), STS-105/108 (Discovery/Endeavor)",,
Jerry M. Linenger,1992,14,Retired,1955,1/16/55,"Mount Clemens, MI",Male,US Naval Academy; University of Southern California; University of North Carolina; Wayne State University,Bioscience,Systems Management; Public Health; Medicine; Epidemiology,Military,Captain,US Navy (Retired),2,3435,1,5,"STS-64 (Discovery), STS-81/84 (Atlantis)",,
Kjell N. Lindgren,2009,20,Active,1973,1/23/73,"Taipei, Taiwan",Male,US Air Force Academy; University of Colorado; Colorado State University; University of Minnesota; University of Texas Medical Branch-Galveston,Biology,Medicine; Cardiovascular Physiology; Health Informatics; Public Health,Civilian,,,1,3400,2,15,ISS-44/45 (Soyuz),,
Norman E. Thagard,1978,8,Retired,1943,7/3/43,"Marianna, FL",Male,Florida State University; University of Texas,Engineering Science,Engineering Science; Medicine,Civilian,,,5,3373,0,0,"STS-7 (Challenger), STS 51-B (Challenger), STS-30 (Atlantis), STS-42 (Discovery), STS-71 (Soyuz/Atlantis)",,
Joseph M. Acaba,2004,19,Active,1967,5/17/67,"Inglewood, CA",Male,University of California-Santa Barbara; University of Arizona,Geology,Geology,Civilian,,,2,3307,2,13,"STS-119 (Discovery), ISS-31/32 (Soyuz)",,
Daniel M. Tani,1996,16,Retired,1961,2/1/61,"Ridley Park, PA",Male,MIT,Mechanical Engineering,Mechanical Engineering,Civilian,,,2,3162,6,39,"STS-108 (Endeavor), STS-120/122 (Discovery/Atlantis)",,
Kathleen Rubins,2009,20,Active,1978,10/14/78,"Farmington, CT",Female,University of California-San Diego; Stanford University,Molecular Biology,Cancer Biology,Civilian,,,1,2762,2,13,ISS-48/49 (Soyuz),,
Garrett E. Reisman,1998,17,Retired,1968,2/10/68,"Morristown, NJ",Male,University of Pennsylvania; California Institute of Technology,Economics,Mechanical  Engineering,Civilian,,,2,2571,3,21,"STS-123/124 (Endeavor/Discovery), STS-132 (Atlantis)",,
Nicole P. Stott,2000,18,Active,1962,11/19/62,"Albany, NY",Female,Embry-Riddle Aeronautical University; University of Central Florida,Aeronautical Engineering,Engineering Management,Civilian,,,2,2477,1,6,"STS-128/129 (Discovery/Atlantis), STS-133 (Discovery)",,
William R. Pogue,1966,5,Retired,1930,1/23/30,"Okemah, OK",Male,Oklahoma Baptist University; Oklahoma State University,Education,Mathematics,Military,Colonel,US Air Force (Retired),1,2017,2,13,Skylab 4,,
Edward G. Gibson,1965,4,Retired,1936,11/8/36,"Buffalo, NY",Male,University of Rochester; California Institute of Technology,Engineering,Engineering,Civilian,,,1,2017,3,15,Skylab 4,,
Gerald P. Carr,1966,5,Retired,1932,8/22/32,"Denver, CO",Male,University of Southern California; US Naval Postgraduate School; Princeton University,Mechanical Engineering,Aeronautical Engineering,Military,Colonel,US Marine Corps (Retired),1,2017,3,16,Skylab 4,,
Owen K. Garriott,1965,4,Retired,1930,11/22/30,"Enid, OK",Male,University of Oklahoma; Stanford University,Electrical Engineering,Electrical Engineering,Civilian,,,2,1674,3,14,"Skylab 3, STS-9 (Columbia)",,
Alan L. Bean,1963,3,Retired,1932,3/15/32,"Wheeler, TX",Male,University of Texas,Aeronautical Engineering,,Military,Captain,US Navy (Retired),2,1671,3,10,"Apollo 12, Skylab 3",,
Jack R. Lousma,1966,5,Retired,1936,2/29/36,"Grand Rapids, MI",Male,University of Michigan; US Naval Postgraduate School,Aeronautical Engineering,Aeronautical Engineering,Military,Colonel,US Marine Corps (Retired),2,1619,2,11,"Skylab 3, STS-3 (Columbia)",,
Kent V. Rominger,1992,14,Retired,1956,8/7/56,"Del Norte, CO",Male,Colorado State University; US Naval Postgraduate School,Civil Engineering,Aeronautical Engineering,Military,Captain,US Navy (Retired),5,1611,0,0,"STS-73 (Columbia), STS-80 (Columbia), STS-85 (Discovery), STS-96 (Discovery), STS-100 (Endeavor)",,
Franklin R. Chang-Diaz,1980,9,Retired,1950,4/5/50,"San Jose, Costa Rica",Male,University of Connecticut; MIT,Mechanical Engineering,Applied Plasma Physics,Civilian,,,7,1602,3,19,"STS 61-C (Columbia), STS-34 (Atlantis), STS-46 (Atlantis), STS-60 (Discovery), STS-75 (Columbia), STS-91 (Discovery), STS-111 (Endeavor)",,
James D. Wetherbee,1984,10,Retired,1952,11/27/52,"Flushing, NY",Male,University of Notre Dame,Aerospace Engineering,,Military,Captain,US Navy (Retired),6,1594,0,0,"STS-32 (Columbia), STS-52 (Columbia), STS-63 (Discovery), STS-86 (Atlantis), STS-102 (Discovery), STS-113 (Endeavor)",,
Kenneth D. Cockrell,1990,13,Management,1950,4/9/50,"Austin, TX",Male,University of Texas; University of West Florida,Mechanical Engineering,Aeronautical Systems,Civilian,,US Naval Reserves,5,1548,0,0,"STS-56 (Discovery), STS-69 (Endeavor), STS-80 (Columbia), STS-98 (Atlantis), STS-111 (Endeavor)",,
Steven W. Lindsey,1995,15,Retired,1960,8/24/60,"Arcadia, CA",Male,US Air Force Academy; US Air Force Institute of Technology,Engineering Science,Aeronautical Engineering,Military,Colonel,US Air Force (Retired),5,1510,0,0,"STS-87 (Columbia), STS-95 (Discovery), STS-104 (Atlantis), STS-121 (Discovery), STS-133 (Discovery)",,
Tamara E. Jernigan,1985,11,Retired,1959,5/7/59,"Chattanooga, TN",Female,Stanford University; University of California-Berkeley; Rice University,Physics,Engineering Science; Astronomy,Civilian,,,5,1489,1,8,"STS-40 (Columbia), STS-52 (Columbia), STS-67 (Endeavor), STS-80 (Columbia), STS-98 (Discovery)",,
Richard M. Linnehan,1992,14,Management,1957,9/19/57,"Lowell, MA",Male,University of New Hampshire; Ohio State University; Harvard University,Animal Science,Veterinary Medicine; Public Administration,Civilian,,,4,1427,6,43,"STS-78 (Columbia), STS-90 (Columbia), STS-109 (Columbia), STS-123 (Endeavor)",,
John M. Grunsfeld,1992,14,Management,1958,10/10/58,"Chicago, IL",Male,MIT; University of Chicago,Physics,Physics,Civilian,,,5,1407,8,58,"STS-67 (Endeavor), STS-81 (Atlantis), STS-103 (Discovery), STS-125 (Atlantis), STS-109 (Columbia)",,
Scott E. Parazynski,1992,14,Retired,1961,7/28/61,"Little Rock, AR",Male,Stanford University,Biology,Medicine,Civilian,,,5,1404,7,47,"STS-66 (Atlantis), STS-86 (Atlantis), STS-95 (Discovery), STS-100 (Endeavor), STS-120 (Discovery)",,
Jerry L. Ross,1980,9,Retired,1948,1/20/48,"Crown Point, IN",Male,Purdue University,Mechanical Engineering,Mechanical Engineering,Military,Colonel,US Air Force (Retired),7,1393,9,58,"ST 61-B (Atlantis), ST-27 (Atlantis), ST-37 (Atlantis), STS-55 (Columbia), STS-74 (Atlantis), STS-88 (Endeavor), STS-110 (Atlantis)",,
Curtis L. Brown Jr. ,1987,12,Retired,1956,3/11/56,"Elizabethtown, NC",Male,US Air Force Academy,Electrical Engineering,,Military,Colonel,US Air Force (Retired),6,1383,0,0,"STS-47 (Endeavor), STS-66 (Atlantis), STS-77 (Endeavor), STS-85 (Discovery), STS-95 (Discovery), STS-103 (Discovery)",,
Marsha S. Ivins,1984,10,Retired,1951,4/15/51,"Baltimore, MD",Female,University of Colorado,Aerospace Engineering,,Civilian,,,5,1341,0,0,"STS-32 (Columbia), STS-46 (Atlantis), STS-62 (Columbia), STS-81 (Atlantis), STS-98 (Atlantis)",,
Mark E. Kelly,1996,16,Retired,1964,2/21/64,"Orange, NJ",Male,US Merchant Marine Academy; US Naval Postgraduate School,Marine Engineering & Nautical Science,Aeronautical Engineering,Military,Captain,US Navy (Retired),4,1298,0,0,"STS-108 (Endeavor), STS-121 (Discovery), STS-124 (Discovery), STS-134 (Endeavor)",,
Story Musgrave,1967,6,Retired,1935,8/19/35,"Boston, MA",Male,Syracuse University; Marietta College; University of California-Los Angeles; University of Kentucky; University of Houston; Columbia University,Mathematics & Statistics; Chemistry,Business Administration; Physiology; Literature; Medicine,Civilian,,,6,1281,4,26,"STS-6 (Challenger), STS 51-F (Challenger), STS-33 (Discovery), STS-44 (Atlantis), STS-61 (Endeavor), STS-80 (Columbia)",,
Thomas D. Jones,1990,13,Retired,1955,1/22/55,"Baltimore, MD",Male,US Air Force Academy; University of Arizona,,Planetary Science,Civilian,,,4,1272,3,20,"STS-59 (Endeavor), STS-68 (Endeavor), STS-80 (Columbia), STS-98 (Atlantis)",,
Kevin R. Kregel,1992,14,Retired,1956,9/16/56,"New York, NY",Male,US Air Force Academy; Troy State University,Astronautical Engineering,Public Administration,Civilian,,,4,1265,0,0,"STS-70 (Discovery), STS-78 (Columbia), STS-87 (Columbia), STS-99 (Endeavor)",,
James D. Halsell Jr. ,1990,13,Retired,1956,9/29/56,"Monroe, LA",Male,US Air Force Academy; Troy State University; US Air Force Institute of Technology,Engineering,Business Management; Space Operations,Military,Colonel,US Air Force (Retired),5,1258,0,0,"STS-65 (Columbia), STS-74 (Atlantis), STS-83 (Columbia), STS-94 (Columbia), STS-101 (Atlantis)",,
Scott D. Altman,1995,15,Retired,1959,8/15/59,"Lincoln, IL",Male,University of Illinois; US Naval Postgraduate School,Aeronautical & Astronautical Engineering,Aeronautical Engineering,Military,Captain,US Navy (Retired),4,1236,0,0,"STS-90 (Columbia), STS-106 (Atlantis), STS-109 (Columbia), STS-125 (Atlantis)",,
Frederick W. Sturckow,1995,15,Retired,1961,8/11/61,"La Mesa, CA",Male,California Polytechnic State University,Mechanical Engineering,,Military,Colonel,US Marine Corps (Retired),4,1233,0,0,"STS-88 (Endeavor), STS-105 (Discovery), STS-117 (Atlantis), STS-128 (Discovery)",,
Wendy B. Lawrence,1992,14,Retired,1959,7/2/59,"Jacksonville, FL",Female,US Naval Academy; MIT,Ocean Engineering,Ocean Engineering,Military,Captain,US Navy (Retired),4,1223,0,0,"STS-67 (Endeavor), STS-86 (Atlantis), STS-91 (Discovery), STS-114 (Discovery)",,
Jeffrey A. Hoffman,1978,8,Retired,1944,11/2/44,"Brooklyn, NY",Male,Amherst College; Rice University; Harvard University,Astronomy,Materials Science; Astrophysics,Civilian,,,5,1211,4,25,"STS 51-D (Discovery), STS-35 (Columbia), STS-46 (Atlantis), STS-61 (Endeavor), STS-75 (Columbia)",,
Bonnie J. Dunbar,1980,9,Retired,1949,3/3/49,"Sunnyside, WA",Female,University of Washington; University of Houston,Ceramic Engineering,Ceramic Engineering; Biomedical Engineering,Civilian,,,5,1207,0,0,"STS 61-A (Challenger), STS-32 (Columbia), STS-50 (Columbia), STS-71 (Atlantis), STS-89 (Endeavor)",,
Janice E. Voss,1990,13,Deceased,1956,10/8/56,"South Bend, IN",Female,Purdue University; MIT,Engineering Science,Electrical Engineering; Aeronautics & Astronautics,Civilian,,,5,1179,0,0,"STS-57 (Endeavor), STS-63 (Discovery), STS-83 (Columbia), STS-94 (Columbia), STS-99 (Endeavor)",40945,
Charles Conrad Jr. ,1962,2,Deceased,1930,5/2/30,"Philadelphia, PA",Male,Princeton University,Aeronautical Engineering,,Military,Captain,US Navy (Retired),4,1179,4,12,"Gemini 5, Gemini 11, Apollo 12, Skylab 2",36349,
Dominic L. Gorie,1995,15,Retired,1957,5/2/57,"Lake Charles, LA",Male,US Naval Academy; University of Tennessee,Ocean Engineering,Aviation Systems,Military,Captain,US Navy (Retired),4,1167,0,0,"STS-91 (Discovery), STS-99 (Endeavor), STS-123 (Endeavor), STS-108 (Endeavor)",,
Stephen K. Robinson,1995,15,Retired,1955,10/26/55,"Sacramento, CA",Male,University of California-Davis; Stanford University,Mechanical & Aeronautical Engineering,Mechanical  Engineering,Civilian,,,4,1162,3,20,"STS-85 (Discovery), STS-95 (Discovery), STS-114 (Discovery), STS-130 (Endeavor)",,
Scott J. Horowitz,1992,14,Retired,1957,3/24/57,"Philadelphia, PA",Male,California State University-Northridge; Georgia Institute of Technology,Engineering,Aerospace Engineering,Military,Colonel,US Air Force (Retired),4,1137,0,0,"STS-75 (Columbia), STS-82 (Discovery), STS-101 (Atlantis), STS-105 (Discovery)",,
Peter J. K. Wisoff,1990,13,Retired,1958,8/16/58,"Norfolk, VA",Male,University of Virginia; Stanford University,Physics,Applied Physics,Civilian,,,4,1064,3,20,"STS-57 (Endeavor), STS-68 (Endeavor), STS-81 (Atlantis), STS-92 (Discovery)",,
Joseph R. Tanner,1992,14,Retired,1950,1/21/50,"Danville, IL",Male,University of Illinois,Mechanical Engineering,,Civilian,,,4,1045,7,46,"STS-66 (Atlantis), STS-82 (Discovery), STS-97 (Endeavor), STS-115 (Discovery)",,
James H. Newman,1990,13,Retired,1956,10/16/56,"San Diego, CA",Male,Dartmouth College; Rice University,Physics,Physics,Civilian,,,4,1042,6,43,"STS-51 (Discovery), STS-69 (Endeavor), STS-88 (Endeavor), STS- 109 (Columbia)",,
Donald A. Thomas,1990,13,Retired,1955,5/6/55,"Cleveland, OH",Male,Case Western Reserve University; Cornell University,Physics,Materials Science,Civilian,,,4,1040,0,0,"STS-65 (Columbia), STS-70 (Discovery), STS-83 (Columbia), STS-94 (Columbia)",,
Michael L. Gernhardt,1992,14,Management,1956,5/4/56,"Mansfield, OH",Male,Vanderbilt University; University of Pennsylvania,Physics,Bioengineering,Civilian,,,4,1039,4,23,"STS-69 (Endeavor), STS-83 (Columbia), STS-94 (Columbia), STS-104 (Atlantis)",,
Stephanie D. Wilson,1996,16,Active,1966,9/27/66,"Boston, MA",Female,Harvard University; University of Texas,Engineering Science,Aerospace Engineering,Civilian,,,3,1031,0,0,"STS-121 (Discovery), STS-120 (Discovery), STS-131 (Discovery)",,
Terence T. Henricks,1985,11,Retired,1952,7/5/52,"Bryan, OH",Male,US Air Force Academy; Golden Gate University,Civil Engineering,Public Administration,Military,Colonel,US Air Force (Retired),4,1026,0,0,"STS-44 (Atlantis), STS-55 (Columbia), STS-70 (Discovery), STS-78 (Columbia)",,
Terrence W. Wilcutt,1990,13,Management,1949,10/31/49,"Russellville, KY",Male,Western Kentucky University,Mathematics,,Civilian,,,4,1008,0,0,"STS-68 (Endeavor), STS-79 (Atlantis), STS-89 (Endeavor), STS-106 (Atlantis)",,
Brent W. Jett,1992,14,Retired,1958,10/5/58,"Pontiac, MI",Male,US Naval Academy; US Naval Postgraduate School,Aerospace Engineering,Aeronautical Engineering,Military,Captain,US Navy (Retired),4,1002,0,0,"STS-72 (Endeavor), STS-81 (Atlantis), STS-97 (Endeavor), STS-115 (Atlantis)",,
Nancy J. Currie,1990,13,Management,1958,12/29/58,"Wilmington, DE",Female,Ohio State University; University of Southern California; University of Houston,Biological Science,Safety Engineering; Industrial Engineering,Military,Colonel,US Army (Retired),4,999,0,0,"STS-57 (Endeavor), STS-70 (Discovery), STS-88 (Endeavor), STS-109 (Columbia)",,
Mark L. Polansky,1996,16,Retired,1956,6/2/56,"Paterson, NJ",Male,Purdue University,Aeronautical & Astronautical Engineering,Aeronautical & Astronautical Engineering,Civilian,,,3,995,0,0,"STS-98 (Atlantis), ST-116 (Discovery), STS-127 (Endeavor)",,
Ellen Ochoa,1990,13,Management,1958,5/10/58,"Los Angeles, CA",Female,San Diego State University; Stanford University,Physics,Electrical Engineering,Civilian,,,4,979,0,0,"STS-56 (Discovery), STS-66 (Atlantis), STS-96 (Discovery), STS-110 (Atlantis)",,
Brian Duffy,1985,11,Retired,1953,6/20/53,"Boston, MA",Male,US Air Force Academy; University of Southern California,Mathematics,Systems Management,Military,Colonel,US Air Force (Retired),4,977,0,0,"STS-45 (Atlantis), STS-57 (Endeavor), STS-72 (Endeavor), STS-92 (Discovery)",,
Kathryn C. Thornton,1984,10,Retired,1952,8/17/52,"Montgomery, AL",Female,Auburn University; University of Virginia,Physics,Physics,Civilian,,,4,975,3,21,"STS-33 (Discovery), STS-49 (Endeavor), STS-61 (Endeavor), STS-73 (Columbia)",,
Christopher J. Ferguson,1998,17,Retired,1961,9/1/61,"Philadelphia, PA",Male,Drexel University; US Naval Postgraduate School,Mechanical Engineering,Aeronautical Engineering,Military,Captain,US Navy (Retired),3,970,0,0,"STS-115 (Atlantis), STS-126 (Endeavor), STS-135 (Atlantis)",,
Stephen G. Bowen,2000,18,Active,1964,2/13/64,"Cohasset, MA",Male,US Naval Academy; MIT,Electrical Engineering,Ocean Engineering,Military,Captain,US Navy,3,970,7,47,"STS-126 (Endeavor), STS-132 (Atlantis), STS-133 (Discovery)",,
Michael A. Baker,1985,11,Management,1953,10/27/53,"Memphis, TN",Male,University of Texas,Aerospace Engineering,,Military,Captain,US Navy (Retired),4,965,0,0,"STS-43 (Atlantis), STS-52 (Columbia), STS-68 (Endeavor), STS-81 (Atlantis)",,
Steven L. Smith,1992,14,Management,1958,12/30/58,"Phoenix, AZ",Male,Stanford University,Electrical Engineering,Electrical Engineering,Civilian,,,4,960,7,49,"STS-68 (Endeavor), STS-82 (Discovery), STS-103 (Discovery), STS-110 (Atlantis)",,
Charles J. Precourt,1990,13,Retired,1955,6/29/55,"Waltham, MA",Male,US Air Force Academy; Golden Gate University; US Naval War College,Aeronautical Engineering,Engineering Management; Strategic Studies,Military,Colonel,US Air Force (Retired),4,950,0,0,"STS-55 (Columbia), STS-71 (Atlantis), STS-84 (Atlantis), STS-91 (Discovery)",,
Patrick G. Forrester,1996,16,Management,1957,3/31/57,"El Paso, TX",Male,US Military Academy; University of Virginia,Applied Science & Engineering,Mechanical & Aerospace Engineering,Military,Colonel,US Army (Retired),3,950,4,25,"STS-105 (Discovery), STS-117 (Atlantis), STS-128 (Discovery)",,
Richard A. Searfoss,1990,13,Retired,1956,6/5/56,"Mount Clemens, MI",Male,US Air Force Academy; California Institute of Technology,Aeronautical Engineering,Aeronautics,Military,Colonel,US Air Force (Retired),3,939,0,0,"STS-58 (Columbia), STS-76 (Atlantis), STS-90 (Columbia)",,
Linda M. Godwin,1985,11,Retired,1952,7/2/52,"Cape Girardeau, MO",Female,Southeast Missouri State; University of Missouri,Mathematics & Physics,Physics,Civilian,,,4,918,2,10,"STS-37 (Atlantis), STS-59 (Endeavor), STS-76 (Atlantis), STS-108 (Endeavor)",,
Pamela A. Melroy,1995,15,Retired,1961,9/17/61,"Palo Alto, CA",Female,Wellesley College; MIT,Physics & Astronomy,Earth & Planetary Sciences,Military,Colonel,US Air Force (Retired),3,914,0,0,"STS-92 (Discovery), STS-112 (Atlantis), STS-120 (Discovery)",,
Robert D. Cabana,1985,11,Management,1949,1/23/49,"Minneapolis, MN",Male,US Naval Academy,Mathematics,,Military,Colonel,US Marine Corps (Retired),4,910,0,0,"STS-41 (Discovery), STS-53 (Discovery), STS-65 (Columbia), STS-88 (Endeavor)",,
Andrew M. Allen,1987,12,Retired,1955,8/4/55,"Philadelphia, PA",Male,Villanova University; University of Florida,Mechanical Engineering,Business Administration,Military,Lieutenant Colonel,US Marine Corps (Retired),3,906,0,0,"STS-46 (Atlantis), STS-62 (Columbia), STS-75 (Columbia)",,
Robert L. Curbeam Jr. ,1995,15,Retired,1962,3/5/62,"Baltimore, MD",Male,US Naval Academy; US Naval Postgraduate School,Aerospace Engineering,Aerospace Engineering; Aeronautical & Astronautical Engineering,Military,Captain,US Navy (Retired),3,902,7,45,"STS-85 (Discovery), STS-98 (Atlantis), STS-116 (Discovery)",,
Eileen M. Collins,1990,13,Retired,1959,11/19/59,"Elmira, NY",Female,Syracuse University; Stanford University; Webster University,Mathematics & Economics,Operations Research; Space Systems Management,Military,Colonel,US Air Force (Retired),4,890,0,0,"STS-63 (Discovery), STS-84 (Atlantis), STS-114 (Columbia), STS-93 (Discovery)",,
Charles O. Hobaugh,1996,16,Retired,1961,11/5/61,"Bar Harbor, ME",Male,US Naval Academy,Aerospace Engineering,,Military,Colonel,US Marine Corps (Retired),3,873,0,0,"STS-104 (Atlantis), STS-118 (Endeavor), ST-129 (Atlantis)",,
Rex J. Walheim,1996,16,Active,1962,10/10/62,"Redwood, CA",Male,University of California-Berkeley; University of Houston,Mechanical Engineering,Industrial Engineering,Military,Colonel,US Air Force (Retired),3,872,5,36,"STS-110 (Atlantis), STS-122 (Atlantis), STS-135 (Atlantis)",,
Robert L. Gibson,1978,8,Retired,1946,10/30/46,"Cooperstown, NY",Male,California Polytechnic Institute,Aeronautical Engineering,,Military,Captain,US Navy (Retired),5,868,0,0,"STS 41-B (Challenger), STS 61-C (Columbia), STS-27 (Atlantis), STS-47 (Endeavor), STS-71 (Atlantis)",,
James F. Reilly II ,1995,15,Retired,1954,3/18/54,"Mountain Home Air Force Base, ID",Male,University of Texas-Dallas,Geosciences,Geosciences,Civilian,,,3,854,5,31,"STS-89 (Endeavor), STS-104 (Atlantis), STS-117 (Atlantis)",,
Jerome Apt III ,1985,11,Retired,1949,4/18/49,"Springfield, MA",Male,Harvard University; MIT,Physics,Physics,Civilian,,,4,847,2,11,"STS-37 (Atlantis), STS-47 (Endeavor), STS-59 (Endeavor), STS-79 (Atlantis)",,
Piers J. Sellers,1996,16,Management,1955,4/11/55,"Crowborough, England",Male,University of Edinburgh; Leeds University,Ecological Science,Biometeorology,Civilian,,,3,839,6,41,"STS-112 (Atlantis), STS-121 (Discovery), STS-132 (Atlantis)",,
John W. Young,1962,2,Retired,1930,9/24/30,"San Francisco, CA",Male,Georgia Institute of Technology,Aeronautical Engineering,,Military,Captain,US Navy (Retired),6,835,3,20,"Gemini 3, Gemini 10, Apollo 10, Apollo 16, STS-1 (Columbia), STS-9 (Columbia)",,
John H. Casper,1984,10,Management,1943,7/9/43,"Greenville, SC",Male,US Air Force Academy; Purdue University,Engineering Science,Astronautics,Military,Colonel,US Air Force (Retired),4,825,0,0,"STS-36 (Atlantis), STS-54 (Endeavor), STS-62 (Columbia), STS-77 (Endeavor)",,
Gregory J. Harbaugh,1987,12,Retired,1956,4/15/56,"Cleveland, OH",Male,Purdue University; University of Houston-Clear Lake,Aeronautical & Astronautical Engineering,Physical Science,Civilian,,,4,817,3,18,"STS-39 (Discovery), STS-54 (Endeavor), STS-71 (Atlantis), STS-82 (Discovery)",,
Stephen S. Oswald,1985,11,Retired,1951,6/30/51,"Seattle, WA",Male,US Naval Academy,Aerospace Engineering,,Civilian,,,3,814,0,0,"STS-42 (Discovery), STS-56 (Discovery), STS-67 (Endeavor)",,
Thomas D. Akers,1987,12,Retired,1951,5/20/51,"St. Louis, MO",Male,University of Missouri-Rolla,Applied Mathematics,Applied Mathematics,Military,Colonel,US Air Force (Retired),4,814,4,29,"STS-41 (Discovery), STS-49 (Endeavor), STS-61 (Endeavor), STS-79 (Atlantis)",,
Richard N. Richards,1980,9,Retired,1946,8/24/46,"Key West, FL",Male,University of Missouri; University of West Florida,Chemical Engineering,Aeronautical Systems,Military,Captain,US Navy (Retired),4,813,0,0,"STS-28 (Columbia), STS-41 (Discovery), STS-50 (Columbia), STS-64 (Discovery)",,
Janet L. Kavandi,1995,15,Management,1959,7/17/59,"Springfield, MO",Female,Missouri Southern State College; University of Missouri; University of Washington,Chemistry,Chemistry,Civilian,,,3,812,0,0,"STS-91 (Discovery), STS-99 (Endeavor), STS-104 (Atlantis)",,
Paul J. Weitz,1966,5,Retired,1932,6/25/32,"Erie, PA",Male,Pennsylvania State University; US Naval Postgraduate School,Aeronautical Engineering,Aeronautical Engineering,Military,Captain,US Navy (Retired),2,793,1,2,"Skylab 2, STS-6 (Challenger)",,
Daniel C. Brandenstein,1978,8,Retired,1943,1/17/43,"Watertown, WI",Male,University of Wisconsin,Mathematics & Physics,,Military,Captain,US Navy (Retired),4,789,0,0,"STS-8 (Challenger), STS 51-G (Discovery), STS-32 (Columbia), STS-49 (Endeavor)",,
Mark C. Lee,1984,10,Retired,1952,8/14/52,"Viroqua, WI",Male,US Air Force Academy; MIT,Civil Engineering,Mechanical Engineering,Military,Colonel,US Air Force (Retired),4,789,4,26,"STS-30 (Atlantis), STS-47 (Endeavor), STS-64 (Discovery), STS-82 (Discovery)",,
Michael J. Bloomfield,1995,15,Retired,1959,3/16/59,"Flint, MI",Male,US Air Force Academy; Old Dominion University,Engineering Mechanics,Engineering Management,Military,Colonel,US Air Force (Retired),3,779,0,0,"STS-86 (Atlantis), STS-97 (Endeavor), STS-110 (Atlantis)",,
Steven A. Hawley,1978,8,Retired,1951,12/12/51,"Ottawa, KS",Male,University of Kansas; University of California,Physics & Astronomy,Astronomy & Astrophysics,Civilian,,,5,770,0,0,"STS 41-D (Discovery), STS 61-C (Columbia), STS-31 (Discovery), STS-82 (Discovery), STS-93 (Columbia)",,
Richard J. Hieb,1985,11,Retired,1955,9/21/55,"Jamestown, ND",Male,Northwest Nazarene College; University of Colorado,Mathematics & Physics,Aerospace Engineering,Civilian,,,3,766,3,18,"STS-39 (Discovery), STS-49 (Endeavor), STS-65 (Columbia)",,
Gregory H. Johnson,1998,17,Active,1962,5/12/62,"London, England",Male,US Air Force Academy; Columbia University; University of Texas,Aeronautical Engineering,Flight Structures Engineering; Business Administration,Military,Colonel,US Air Force (Retired),2,755,0,0,"STS-123 (Endeavor), STS-134 (Endeavor)",,
Vance D. Brand,1966,5,Retired,1931,5/9/31,"Longmont, CA",Male,University of Colorado; University of California Los Angeles,Business Management; Aeronautical Engineering,Business Administration,Civilian,,US Marine Corps Reserves,4,752,0,0,"Apollo-Soyuz Test Project, STS-5 (Columbia), STS 41-B (Challenger), STS-35 (Columbia)",,
Kalpana Chawla,1995,15,Deceased,1961,6/1/61,"Karnal, India",Female,Punjab Engineering College; University of Texas-Arlington; University of Colorado,Aeronautical Engineering,Aerospace Engineering,Civilian,,,2,734,0,0,"STS-87 (Columbia), STS-107 (Columbia)",37653,STS-107 (Columbia)
Daniel T. Barry,1992,14,Retired,1953,12/30/53,"Norwalk, CT",Male,Cornell University; Princeton University; University of Miami,Electrical Engineering,Electrical Engineering; Computer Science; Medicine,Civilian,,,3,733,4,26,"STS-72 (Endeavor), STS-96 (Discovery), STS-105 (Discovery)",,
David M. Walker,1978,8,Deceased,1944,5/20/44,"Columbus, GA",Male,US Naval Academy,Naval Sciences,,Military,Captain,US Navy (Retired),4,724,0,0,"STS 51-A (Discovery), STS-30 (Atlantis), STS-53 (Discovery), STS-69 (Endeavor)",37004,
Margaret Rhea Seddon,1978,8,Retired,1947,11/8/47,"Murfreesboro, TN",Female,University of California-Berkeley; University of Tennessee,Physiology,Medicine,Civilian,,,3,722,0,0,"STS 51-D (Discovery), STS-40 (Columbia), STS-58 (Columbia)",,
Steven R. Nagel,1978,8,Retired,1946,10/27/46,"Canton, IL",Male,University of Illinois; California State University-Fresno,Aerospace Engineering,Mechanical  Engineering,Military,Colonel,US Air Force (Retired),4,721,0,0,"STS 51-G (Discovery), STS 61-A (Challenger), STS-37 (Atlantis), STS-55 (Columbia)",,
James A. Lovell Jr. ,1962,2,Retired,1928,3/25/28,"Cleveland, OH",Male,US Naval Academy,,,Military,Captain,US Navy (Retired),4,715,0,0,"Gemini 7, Gemini 12, Apollo 8, Apollo 13",,
G. David Low,1984,10,Deceased,1956,2/19/56,"Cleveland, OH",Male,Washington & Lee University; Cornell University; Stanford University,Physics & Engineering,Mechanical Engineering; Aeronautics & Astronautics,Civilian,,,3,714,1,6,"STS-32 (Columbia), STS-43 (Atlantis), STS-57 (Endeavor)",39522,
Carl J. Meade,1985,11,Retired,1950,11/16/50,"Chanute Air Force Base, IL",Male,University of Texas; California Institute of Technology,Electronics Engineering,Electronics Engineering,Military,Colonel,US Air Force (Retired),3,712,1,6,"STS-38 (Atlantis), STS-50 (Columbia), STS-64 (Discovery)",,
Kathryn P. Hire,1995,15,Management,1959,8/26/59,"Mobile, AL",Female,US Naval Academy; Florida State Institute of Technology,Engineering Management,Space Technology,Military,Captain,US Naval Reserves,2,711,0,0,"STS-90 (Columbia), STS-130 (Endeavor)",,
Robert L. Behnken,2000,18,Active,1970,7/28/70,"Creve Couer, MO",Male,Washington University; California Institute of Technology,Physics & Mechanical Engineering,Mechanical Engineering,Military,Colonel,US Air Force,2,708,6,37,"STS-123 (Endeavor), STS-130 (Endeavor)",,
Kevin P. Chilton,1987,12,Retired,1954,3/11/54,"Los Angeles, CA",Male,US Air Force Academy; Columbia University,Engineering Science,Mechanical Engineering,Military,Brigadier General,US Air Force (Retired),3,700,0,0,"STS-49 (Endeavor), STS-59 (Endeavor), STS-76 (Atlantis)",,
George D. Zamka,1998,17,Retired,1962,6/29/62,"Jersey City, NJ",Male,US Naval Academy; Florida Institute of Technology,Mathematics,Engineering Management,Military,Colonel,US Marine Corps (Retired),2,692,0,0,"STS-120 (Discovery), STS-130 (Endeavor)",,
Guion S. Bluford Jr. ,1978,8,Retired,1942,11/22/42,"Philadelphia, PA",Male,Pennsylvania State University; Air Force Institute of Technology; University of Houston-Clear Lake,Aerospace Engineering,Aerospace Engineering; Business Administration,Military,Colonel,US Air Force (Retired),4,689,0,0,"STS-8 (Challenger), STS 61-A (Challenger), STS-39 (Discovery), STS-53 (Discovery)",,
Eric A. Boe,2000,18,Active,1964,10/1/64,"Miami, FL",Male,US Air Force Academy; Georgia Institute of Technology,Aeronautical Engineering,Electrical Engineering,Military,Colonel,US Air Force,2,687,0,0,"STS-126 (Endeavor), STS-133 (Discovery)",,
Andrew J. Feustel,2000,18,Active,1965,8/25/65,"Lancaster, PA",Male,Purdue University; Queen’s University-Canada,Solid Earth Sciences,Geophysics; Seismology,Civilian,,,2,687,6,42,"STS-125 (Atlantis), STS-134 (Endeavor)",,
Ellen S. Baker,1984,10,Retired,1953,4/27/53,"Fayettesville, NC",Female,State University of New York-Buffalo; Cornell University; University of Texas,Geology,Medicine; Public Health,Civilian,,,3,686,0,0,"STS-34 (Atlantis), STS-50 (Columbia), STS-71 (Atlantis)",,
Douglas G. Hurley,2000,18,Active,1966,10/21/66,"Endicott, NY",Male,Tulane University,Civil Engineering,,Military,Colonel,US Marine Corps,2,683,0,0,"STS-127 (Endeavor), STS-135 (Atlantis)",,
Charles F. Bolden Jr. ,1980,9,Management,1946,8/19/46,"Columbia, SC",Male,US Naval Academy; University of Southern California,Electrical Science,Systems Management,Military,Major General,US Marine Corps (Retired),4,680,0,0,"STS-61C (Columbia), STS-31 (Discovery), STS-45 (Atlantis), STS-60 (Discovery)",,
N. Jan Davis,1987,12,Retired,1953,11/1/53,"Cocoa Beach, FL",Female,Georgia Institute of Technology; Auburn University; University of Alabama-Huntsville,Applied Biology; Mechanical Engineering,Mechanical Engineering,Civilian,,,3,673,0,0,"STS-47 (Endeavor), STS-60 (Discovery), STS-85 (Discovery)",,
William F. Readdy,1987,12,Retired,1952,1/24/52,"Quonset Point, RI",Male,US Naval Academy,Aerospace Engineering,,Military,Captain,US Navy (Retired),3,672,0,0,"STS-42 (Discovery), STS-51 (Discovery), STS-79 (Atlantis)",,
Joseph P. Kerwin,1965,4,Retired,1932,2/19/32,"Oak Park, IL",Male,College of the Holy Cross; Northwestern University,Philosophy,Medicine,Military,Captain,US Navy (Retired),1,672,1,3,Skylab 2,,
Alan G. Poindexter,1998,17,Deceased,1961,11/5/61,"Pasadena, CA",Male,Georgia Institute of Technology; US Naval Postgraduate School,Aerospace Engineering,Aeronautical Engineering,Military,Captain,US Navy,2,669,0,0,"STS-122 (Atlantis), STS-131 (Discovery)",41091,
Michael R. Clifford,1990,13,Retired,1952,10/13/52,"San Bernardino, CA",Male,US Military Academy; Georgia Institute of Technology,,Aerospace Engineering,Military,Lieutenant Colonel,US Army (Retired),3,666,1,6,"STS-53 (Discovery), STS-59 (Endeavor), STS-76 (Atlantis)",,
John D. Olivas,1998,17,Retired,1966,5/25/66,"North Hollywood, CA",Male,University of Texas-El Paso; University of Houston; Rice University,Mechanical Engineering,Mechanical  Engineering; Mechanical  Engineering & Materials Science,Civilian,,,2,665,5,34,"STS-117 (Atlantis), STS-128 (Discovery)",,
Paul S. Lockhart,1996,16,Retired,1956,4/28/56,"Amarillo, TX",Male,Texas Tech University; University of Texas,Mathematics,Aerospace Engineering,Military,Colonel,US Air Force (Retired),2,663,0,0,"STS-111 (Endeavor), STS-113 (Endeavor)",,
Heidemarie M. Stefanyshyn-Piper,1996,16,Retired,1963,2/7/63,"St. Paul, MN",Female,MIT,Mechanical Engineering,,Military,Captain,US Navy,2,663,2,33,"STS-115 (Atlantis), STS-126 (Endeavor)",,
Jeffrey S. Ashby,1995,15,Retired,1954,6/1/54,"Dallas, TX",Male,University of Idaho; University of Tennessee,Mechanical Engineering,Aviation Systems,Military,Captain,US Navy (Retired),3,655,0,0,"STS-93 (Columbia), STS-100 (Endeavor), STS-112 (Atlantis)",,
Pierre J. Thuot,1985,11,Retired,1955,5/19/55,"Groton, CT",Male,US Naval Academy; University of Southern California,Physics,Systems Management,Military,Commander,US Navy,3,654,3,17,"STS-36 (Atlantis), STS-49 (Endeavor), STS-62 (Columbia)",,
Richard O. Covey,1978,8,Retired,1946,8/1/46,"Fayetteville, AR",Male,US Air Force Academy; Purdue University,Engineering Science,Aeronautics & Astronautics,Military,Colonel,US Air Force (Retired),4,645,0,0,"STS 51-l (Discovery), STS-26 (Discovery), STS-38 (Atlantis), STS-61 (Endeavor)",,
James M. Kelly,1996,16,Management,1964,5/14/64,"Burlington, IA",Male,US Air Force Academy; University of Alabama,Astronautical Engineering,Aerospace Engineering,Military,Colonel,US Air Force (Retired),2,641,0,0,"STS-102 (Discovery), STS-114 (Discovery)",,
Lee J. Archambault,1998,17,Retired,1960,8/25/60,"Oak Park, IL",Male,University of Illinois-Urbana,Aeronautical & Astronautical Engineering,Aeronautical & Astronautical Engineering,Military,Colonel,US Air Force,2,639,0,0,"STS-117 (Atlantis), STS-119 (Discovery)",,
Niclolas J. M. Patrick,1998,17,Retired,1964,3/22/64,"North Yorkshire, England",Male,University of Cambridge; MIT,Engineering,Engineering; Mechanical Engineering,Civilian,,,2,638,3,18,"STS-116 (Discovery), STS-130 (Endeavor)",,
Michael J. Foreman,1998,17,Management,1957,3/29/57,"Columbus, OH",Male,US Naval Academy; US Naval Postgraduate School,Aerospace Engineering,Aeronautical Engineering,Military,Captain,US Navy (Retired),2,637,5,32,"STS-123 (Endeavor), STS-129 (Atlantis)",,
Ronald J. Grabe,1980,9,Retired,1945,6/13/45,"New York, NY",Male,US Air Force Academy,Engineering Science,,Military,Colonel,US Air Force (Retired),4,627,0,0,"STS 51-J (Atlantis), STS-30 (Atlantis), STS-42 (Discovery), STS-57 (Endeavor)",,
Rick D. Husband,1995,15,Deceased,1957,7/12/57,"Amarillo, TX",Male,Texas Tech University; California State University,Mechanical Engineering,Mechanical Engineering,Military,Colonel,US Air Force,2,617,0,0,"STS-96 (Discovery), STS-107 (Columbia)",37653,STS-107 (Columbia)
Samuel T. Durrance,,,Retired,1943,9/17/43,"Tallahassee, FL",Male,California State University; University of Colorado,Physics,Physics; Astrogeophysics,Civilian,,,2,614,0,0,"STS-35 (Columbia), STS-67 (Endeavor)",,
Ronald A. Parise,,,Deceased,1951,5/24/51,"Warren, OH",Male,Youngstown State University; University of Florida,Physics,Astronomy,Civilian,,,2,614,0,0,"STS-35 (Columbia), STS-67 (Endeavor)",39577,
Alvin B. Drew Jr. ,2000,18,Active,1962,11/5/62,"Washington, DC",Male,US Air Force Academy; Embry-Riddle Aeronautical University,Physics & Astronautical Engineering,Aerospace Science; Political Science,Military,Colonel,US Air Force,2,613,2,13,"STS-118 (Endeavor), STS-133 (Discovery)",,
Kenneth T. Ham,1998,17,Retired,1964,12/12/64,"Plainfield, NJ",Male,US Naval Academy; US Naval Postgraduate School,Aerospace Engineering,Aeronautical Engineering,Military,Captain,US Navy,2,612,0,0,"STS-124 (Discovery), STS-132 (Atlantis)",,
Donald R. McMonagle,1987,12,Retired,1952,5/14/52,"Flint, MI",Male,US Air Force Academy; California State University-Fresno,Astronautical Engineering,Mechanical  Engineering,Military,Colonel,US Air Force (Retired),3,605,0,0,"STS-39 (Discovery), STS-54 (Endeavor), STS-66 (Atlantis)",,
Michael P. Anderson,1995,15,Deceased,1959,12/25/59,"Plattsburgh, NY",Male,University of Washington; Creighton University,Physics & Astronomy,Physics,Military,Lieutenant Colonel,US Air Force,2,594,0,0,"STS-89 (Endeavor), STS-107 (Columbia)",37653,STS-107 (Columbia)
Michael T. Good,2000,18,Management,1962,10/13/62,"Parma, OH",Male,University of Notre Dame,Aerospace Engineering,Aerospace Engineering,Military,Colonel,US Air Force (Retired),2,592,4,30,"STS-125 (Atlantis), STS-132 (Atlantis)",,
Winston E. Scott,1992,14,Retired,1950,8/6/50,"Miami, FL",Male,Florida State University; US Naval Postgraduate School,Music,Aeronautical Engineering,Military,Captain,US Navy (Retired),2,590,3,19,"STS-72 (Endeavor), STS-87 (Columbia)",,
Charles D. Gemar,1985,11,Retired,1955,8/4/55,"Yanktown, SD",Male,US Military Academy,Engineering,,Military,Lieutenant Colonel,US Army,3,581,0,0,"STS-38 (Atlantis), STS-48 (Discovery), STS-62 (Columbia)",,
Dominic A. Antonelli,2000,18,Active,1967,8/23/67,"Detroit, MI",Male,MIT; University of Washington,Aeronautics & Astronautics,Aeronautics & Astronautics,Military,Commander,US Navy,2,579,0,0,"STS-119 (Discovery), STS-132 (Atlantis)",,
Michael J. Massimino,1996,16,Management,1962,8/19/62,"Oceanside, NY",Male,Columbia University; MIT,Industrial Engineering,Technology & Policy; Mechanical Engineering,Civilian,,,2,571,4,30,"STS-109 (Columbia), STS-125 (Atlantis)",,
Stephen N. Frick,1996,16,Management,1961,9/30/61,"Pittsburgh, PA",Male,US Naval Academy; US Naval Postgraduate School,Aerospace Engineering,Aeronautical Engineering,Military,Captain,US Navy (Retired),2,566,0,0,"STS-110 (Atlantis), STS-122 (Atlantis)",,
Eugene A. Cernan,1963,3,Retired,1934,3/14/34,"Chicago, IL",Male,Purdue University; US Naval Postgraduate School,Electrical Engineering,Aeronautical Engineering,Military,Captain,US Navy (Retired),3,566,4,24,"Gemini 9, Apollo 10, Apollo 17",,
Robert L. Crippen,1969,7,Retired,1937,9/11/37,"Beaumont, TX",Male,University of Texas,Aerospace Engineering,,Military,Captain,US Navy (Retired),4,565,0,0,"STS-1 (Columbia), STS-7 (Challenger), STS 41-C (Challenger), STS 41-G (Challenger)",,
Leland D. Melvin,1998,17,Management,1964,2/15/64,"Lynchburg, VA",Male,University of Richmond; University of Virginia,Chemistry,Materials Science Engineering,Civilian,,,2,565,0,0,"STS-122 (Atlantis), STS-129 (Atlantis)",,
Kenneth D. Cameron,1984,10,Retired,1949,11/29/49,"Cleveland, OH",Male,MIT; Michigan State University,Aeronautics & Astronautics,Aeronautics & Astronautics; Business Administration,Military,Colonel,US Marine Corps (Retired),3,562,0,0,"STS-37 (Atlantis), STS-56 (Discovery), STS-74 (Atlantis)",,
Mario Runco Jr. ,1987,12,Management,1952,1/26/52,"Bronx, NY",Male,City College of New York; Rutgers University,Earth & Planetary Science,Atmospheric Physics,Military,Lieutenant Commander,US Navy (Retired),3,551,0,0,"STS-44 (Atlantis), STS-54 (Endeavor), STS-77 (Endeavor)",37004,
David R. Scott,1963,3,Retired,1932,6/6/32,"San Antonio, TX",Male,US Military Academy; MIT,,Aeronautics & Astronautics,Military,Colonel,US Air Force (Retired),3,546,4,19,"Gemini 8, Apollo 9, Apollo 15",,
Brewster H. Shaw Jr. ,1978,8,Retired,1945,5/16/45,"Cass City, MI",Male,University of Wisconsin,Engineering Mechanics,Engineering Mechanics,Military,Colonel,US Air Force (Retired),3,533,0,0,"STS-9 (Columbia), STS 61-B (Atlantis), STS-28 (Columbia)",,
David C. Leestma,1980,9,Management,1949,5/6/49,"Muskegon, MI",Male,US Naval Academy; US Naval Postgraduate School,Aeronautical Engineering,Aeronautical Engineering,Military,Captain,US Navy (Retired),3,532,1,3,"STS 41-G (Challenger), STS-28 (Columbia), STS-45 (Atlantis)",,
Kathryn D. Sullivan,1978,8,Retired,1951,10/3/51,"Patterson, NJ",Female,University of California-Santa Cruz; Dalhousie University,Earth Sciences,Earth Sciences; Geology,Civilian,,,3,532,1,3,"STS 41-G (Challenger), STS-31 (Discovery), STS-45 (Atlantis)",,
Thomas K. Mattingly II ,1966,5,Retired,1936,3/17/36,"Chicago, IL",Male,Auburn University,Aeronautical Engineering,,Military,Rear Admiral,US Navy (Retired),3,508,1,1,"Apollo 16, STS-4 (Columbia), STS 51-C (Discovery)",,
Thomas P. Stafford,1962,2,Retired,1930,9/17/30,"Weatherford, OK",Male,US Naval Academy,,,Military,Lieutenant General,US Air Force (Retired),4,507,0,0,"Gemini 6, Gemini 9, Apollo 10, Apollo-Soyuz Test Project",,
David C. Hilmers,1980,9,Retired,1950,1/28/50,"Clinton, IA",Male,Cornell University; US Naval Postgraduate School,Mathematics,Electrical Engineering,Military,Colonel,US Marine Corps (Retired),4,494,0,0,"ST 51-J (Atlantis), STS-26 (Discovery), STS-36 (Atlantis), STS-42 (Discovery)",,
James F. Buchli,1978,8,Retired,1945,6/20/45,"New Rockford, ND",Male,US Naval Academy; University of West Florida,Aeronautical Engineering,Aeronautical Engineering Systems,Military,Colonel,US Marine Corps (Retired),4,490,0,0,"STS 51-C (Discovery), STS 61-A (Challenger), STS-29 (Discovery), STS-48 (Discovery",,
Sidney M. Gutierrez,1984,10,Retired,1951,6/27/51,"Albuquerque, NM",Male,US Air Force Academy; Webster College,Aeronautical Engineering,Business Management,Military,Colonel,US Air Force (Retired),2,488,0,0,"STS-40 (Columbia), STS-59 (Endeavor)",,
J. Mike Lounge,1980,9,Deceased,1946,6/28/46,"Denver, CO",Male,US Naval Academy; University of Colorado,Mathematics & Physics,Astrogeophysics,Civilian,,,3,483,0,0,"STS 51-I (Discovery), STS-26 (Discovery), STS-35 (Columbia)",40603,
Henry W. Hartsfield Jr. ,1969,7,Retired,1933,11/21/33,"Birmingham, AL",Male,Auburn University; University of Tennessee,Physics,Engineering Science,Military,Colonel,US Air Force (Retired),3,482,0,0,"STS-4 (Columbia), STS 41-D (Discovery), STS 61-A (Challenger)",,
Carlos I. Noriega,1995,15,Retired,1959,10/8/59,"Lima, Peru",Male,University of Southern California; US Naval Postgraduate School,Computer Science,Computer Science; Space Systems Operations,Military,Lieutenant Colonel,US Marine Corps (Retired),2,481,3,19,"STS-84 (Atlantis), STS-97 (Endeavor)",,
Charles D. Walker,,,Retired,1948,8/29/48,"Bedford, IN",Male,Purdue University,Aeronautical & Astronautical Engineering,,Civilian,,,3,477,0,0,"STS 41-D (Discovery), STS 51-D (Discovery), STS 61-B (Atlantis)",,
Frank Borman,1962,2,Retired,1928,3/14/28,"Gary, IN",Male,US Military Academy; California Institute of Technology,,Aeronautical Engineering,Military,Colonel,US Air Force (Retired),2,477,0,0,"Gemini 7, Apollo 8",,
Susan L. Kilrain (Still),1995,15,Retired,1961,10/24/61,"Augusta, GA",Female,Embry-Riddle University; Georgia Institute of Technology,Astronautical Engineering,Aerospace Engineering,Military,Commander,US Navy (Retired),2,472,0,0,"STS-83 (Columbia), STS-94 (Columbia)",,
Gregory T. Linteris,,,Retired,1957,10/4/57,"Demarest, NJ",Male,Princeton University; Stanford University,Chemical Engineering,Mechanical Engineering; Mechanical & Aerospace Engineering,Civilian,,,2,471,0,0,"STS-83 (Columbia), STS-94 (Columbia)",,
Roger K. Crouch,,,Retired,1940,9/12/40,"Jamestown, TN",Male,Tennessee Polytechnic Institute; Virginia Polytechnic Institute,Physics,Physics,Civilian,,,1,471,0,0,"STS-83 (Columbia), STS-94 (Columbia)",,
Michael L. Coats,1978,8,Retired,1946,1/16/46,"Sacramento, CA",Male,US Naval Academy; George Washington University; US Naval Postgraduate School,,Science & Technology Administration; Aeronautical Engineering,Military,Captain,US Navy (Retired),3,463,0,0,"STS 41-D (Discovery), STS-29 (Discovery), STS-39 (Discovery)",,
Robert A. Parker,1967,6,Retired,1936,12/14/36,"New York, NY",Male,Amherst College; California Institute of Technology,Physics & Astronomy,Astronomy,Civilian,,,2,462,0,0,"STS-9 (Columbia), STS-35 (Columbia)",,
L. Blaine Hammond Jr. ,1984,10,Retired,1952,1/16/52,"Savannah, GA",Male,US Air Force Academy; Georgia Institute of Technology,Engineering Science,Engineering Science,Military,Colonel,US Air Force (Retired),2,462,0,0,"STS-39 (Discovery), STS-64 (Discovery)",,
Byron K. Lichtenberg,,,Retired,1948,2/19/48,"Stroudsburg, PA",Male,Brown University; MIT,Aerospace Engineering,Mechanical Engineering; Biomedical Engineering,Civilian,,,2,461,0,0,"STS-9 (Columbia), STS-45 (Atlantis)",,
Frederick D. Gregory,1978,8,Retired,1941,1/7/41,"Washington, DC",Male,US Air Force Academy; George Washington University,,Information Systems,Military,Colonel,US Air Force (Retired),3,455,0,0,"STS 51-B (Challenger), STS-33 (Discovery), STS-44 (Atlantis)",,
Mary E. Weber,1992,14,Retired,1962,8/24/62,"Cleveland, OH",Female,Purdue University; University of California-Berkeley,Chemical Engineering,Physical Chemistry,Civilian,,,2,450,0,0,"STS-70 (Discovery), STS-101 (Atlantis)",,
Bernard A. Harris Jr. ,1990,13,Retired,1956,6/26/56,"Temple, TX",Male,University of Houston; Texas Tech University,Biology,Medicine,Civilian,,,2,438,1,5,"STS-55 (Columbia), STS-63 (Discovery)",,
Charles Lacy Veach,1984,10,Deceased,1944,9/18/44,"Chicago, IL",Male,US Air Force Academy,Engineering Management,,Civilian,,,2,436,0,0,"STS-39 (Discovery), STS-52 (Columbia)",34975,
Frederick H. Hauck,1978,8,Retired,1941,4/11/41,"Long Beach, CA",Male,Tufts University; MIT,Physics,Nuclear Engineering,Military,Captain,US Navy (Retired),3,435,0,0,"STS-7 (Challenger), STS 51-A (Discovery), STS-26 (Discovery)",,
Ronald M. Sega,1990,13,Retired,1952,12/4/52,"Cleveland, OH",Male,US Air Force Academy; Ohio State University; University of Colorado,Physics & Mathematics,Physics; Electrical Engineering,Military,Colonel,US Air Force Reserves (Retired),2,420,0,0,"STS-60 (Discovery), STS-76 (Atlantis)",,
George D. Nelson,1978,8,Retired,1950,7/13/50,"Charles City, IA",Male,Harvey Mudd College; University of Washington,Physics,Astronomy,Civilian,,,3,411,2,10,"STS 41-C (Challenger), STS 61-C (Columbia), STS-26 (Discovery)",,
Charles E. Brady Jr. ,1992,14,Deceased,1951,8/12/51,"Pinehurst, NC",Male,University of North Carolina at Chapel Hill; Duke University,,Medicine,Military,Captain,US Navy,1,405,0,0,STS-78 (Columbia),38921,
John O. Creighton,1978,8,Retired,1943,4/28/43,"Orange, TX",Male,US Naval Academy; George Washington University,,Science & Technology Administration,Military,Captain,US Navy (Retired),3,404,0,0,"STS 51-G (Discovery), STS-36 (Atlantis), STS-48 (Discovery)",,
William G. Gregory,1990,13,Retired,1957,5/14/57,"Lockport, NY",Male,US Air Force Academy; Columbia University; Troy State University,Engineering Science,Engineering Mechanics; Business Management,Military,Lieutenant Colonel,US Air Force,1,399,0,0,STS-67 (Endeavor),,
Loren J. Shriver,1978,8,Retired,1944,9/23/44,"Jefferson, IA",Male,US Air Force Academy; Purdue University,Aeronautical Engineering,Astronautical Engineering,Military,Colonel,US Air Force (Retired),3,386,0,0,"STS 51-C (Discovery), STS-31 (Discovery), STS-46 (Atlantis)",,
Karol J. Bobko,1969,7,Retired,1937,12/23/37,"New York, NY",Male,US Air Force Academy; University of Southern California,,Aerospace Engineering,Military,Colonel,US Air Force (Retired),3,386,0,0,"STS-6 (Challenger), STS 51-D (Discovery), STS-51-J (Atlantis)",,
Bryan D. O'Connor,1980,9,Retired,1946,9/6/46,"Orange, CA",Male,US Naval Academy; West Florida University,Engineering,Aeronautical Systems,Military,Colonel,US Marine Corps (Retired),2,383,0,0,"STS 61-B (Atlantis), STS-40 (Columbia)",,
Laurel B. Clark,1996,16,Deceased,1961,3/10/61,"Ames, IA",Female,University of Wisconsin-Madison,Zoology,Medicine,Military,Captain,US Navy,1,382,0,0,STS-107 (Columbia),37653,STS-107 (Columbia)
David M. Brown,1996,16,Deceased,1956,4/16/56,"Arlington, VA",Male,College of William & Mary; Eastern Virginia Medical School,Biology,Medicine,Military,Captain,US Navy,1,382,0,0,STS-107 (Columbia),37653,STS-107 (Columbia)
C. Gordon Fullerton,1969,7,Retired,1936,10/11/36,"Rochester, NY",Male,California Institute of Technology,Mechanical Engineering,Mechanical Engineering,Military,Colonel,US Air Force (Retired),2,382,0,0,"STS-3 (Columbia), STS 51-F (Challenger)",,
William C. McCool,1996,16,Deceased,1961,9/23/61,"San Diego, CA",Male,US Naval Academy; University of Maryland; US Naval Postgraduate School,Naval Sciences,Computer Science; Aeronautical Engineering,Military,Commander,US Navy,1,382,0,0,STS-107 (Columbia),37653,STS-107 (Columbia)
Fred W. Leslie,,,Retired,1951,12/19/51,"Ancon, Panama",Male,University of Texas; University of Oklahoma,Engineering Science,Meteorology,Civilian,,,1,381,0,0,STS-73 (Columbia),,
Albert Sacco Jr.,,,Retired,1949,5/3/49,"Boston, MA",Male,Northeastern University; MIT,Chemical Engineering,Chemical Engineering,Civilian,,,1,381,0,0,STS-73 (Columbia),,
James A. Pawelczyk,,,Retired,1960,9/20/60,"Buffalo, NY",Male,University of Rochester; Pennsylvania State University; University of North Texas,Biology & Psychology,Physiology; Biology,Civilian,,,1,381,0,0,STS-90 (Columbia),,
Jay Clark Buckey,,,Retired,1956,6/6/56,"New York, NY",Male,Cornell University,Electrical Engineering,Medicine,Civilian,,,1,381,0,0,STS-90 (Columbia),,
Dorothy M. Metcalf-Lindenberger,2004,19,Active,1975,5/2/75,"Colorado Springs, CO",Female,Whitman College,Geology,,Civilian,,,1,362,0,0,STS-131 (Discovery),,
James P. Dutton Jr. ,2004,19,Management,1968,11/20/68,"Eugene, OR",Male,US Air Force Academy; University of Washington,Astronautical Engineering,Aeronautics & Astronautics,Military,Colonel,US Air Force,1,362,0,0,STS-131 (Discovery),,
Richard M. Mullane,1978,8,Retired,1945,9/10/45,"Wichita Falls, TX",Male,US Military Academy; US Air Force Institute of Technology,Military Engineering,Aeronautical Engineering,Military,Colonel,US Air Force (Retired),3,356,0,0,"STS 41-D (Discovery), STS-27 (Atlantis), STS-36 (Atlantis)",,
Sally K. Ride,1978,8,Deceased,1951,5/26/51,"Los Angeles, CA",Female,Stanford University,Physics; English,Physics,Civilian,,,2,343,0,0,"STS-7 (Challenger), STS 41-G (Challenger)",41113,
James A. McDivitt,1984,2,Retired,1929,6/10/29,"Chicago, IL",Male,University of Michigan,Astronautical Engineering,,Military,Brigadier General,US Air Force (Retired),2,338,0,0,"Gemini 4, Apollo 9",,
James D. van Hoften,1978,8,Retired,1944,6/11/44,"Fresno, CA",Male,University of California-Berkeley; Colorado State University,Civil Engineering,Hydraulic Engineering; Fluid Mechanics,Civilian,,,2,338,4,22,"STS 41-C (Challenger), STS 51-I (Discovery)",,
James P. Bagian,1980,9,Retired,1952,2/22/52,"Philadelphia, PA",Male,Drexel University; Thomas Jefferson University,Mechanical Engineering,Medicine,Civilian,,,2,337,0,0,"STS-29 (Discovery), STS-40 (Columbia)",,
Martin J. Fettman,,,Retired,1956,12/31/56,"Brooklyn, NY",Male,Cornell University; Colorado State University,Animal Nutrition,Physiology,Civilian,,,1,336,0,0,STS-58 (Columbia),,
Dale A. Gardner,1978,8,Retired,1948,11/8/48,"Fairmont, MN",Male,University of Illinois,Engineering Physics,,Military,Captain,US Navy (Retired),2,336,2,12,"STS-8 (Challenger), STS 51-A (Discovery)",,
James C. Adamson,1984,10,Retired,1946,3/3/46,"Warsaw, NY",Male,US Military Academy; Princeton University,Engineering,Aerospace Engineering,Military,Colonel,US Army (Retired),2,334,0,0,"STS-28 (Columbia), STS-43 (Atlantis)",,
Charles J. Camarda,1996,16,Management,1952,5/8/52,"Queens, NY",Male,Polytechnic Institute of Brooklyn; George Washington University; Virginia Polytechnic Institute,Aerospace Engineering,Engineering Science; Aerospace Engineering,Civilian,,,1,333,0,0,STS-114 (Discovery),,
Jose M. Hernandez,2004,19,Retired,1962,8/7/62,"French Camp, CA",Male,University of the Pacific; University of California-Santa Barbara,Electrical Engineering,Electrical & Computer Engineering,Civilian,,,1,332,0,0,STS-128 (Discovery),,
Lawrence J. Delucas,,,Retired,1950,7/11/50,"Syracuse, NY",Male,University of Alabama at Birmingham,Chemistry; Physiological Optics,Chemistry; Biochemistry; Optometry,Civilian,,,1,331,0,0,STS-50 (Columbia),,
John B. Herrington,1996,16,Retired,1958,9/14/58,"Wetumka, OK",Male,University of Colorado; US Naval Postgraduate School,Applied Mathematics,Aeronautical Engineering,Military,Commander,US Navy (Retired),1,330,3,20,STS-113 (Endeavor),,
Kenneth S. Reightler Jr. ,1987,12,Retired,1951,3/24/51,"Patuxent River, MD",Male,US Naval Academy; US Naval Postgraduate School; University of Southern California,Aerospace Engineering,Aeronautical Engineering; Systems Management,Military,Captain,US Navy (Retired),2,327,0,0,"STS-48 (Discovery), STS-60 (Discovery)",,
Guy S. Gardner,1980,9,Retired,1948,1/6/48,"Alta Vista, VA",Male,US Air Force Academy; Purdue University,Engineering Sciences; Astronautics & Mathematics,Astronautics,Military,Colonel,US Air Force (Retired),2,320,0,0,"STS-27 (Atlantis), STS-35 (Columbia)",,
John M. Fabian,1978,8,Retired,1939,1/28/39,"Goosecreek, TX",Male,Washington State University; US Air Force Institute of Technology; University of Washington,Mechanical Engineering,Aerospace Engineering; Aeronautics & Astronautics,Military,Colonel,US Air Force (Retired),2,316,0,0,"STS-7 (Challenger), STS 51-G (Discovery)",,
William E. Thornton,1967,6,Retired,1929,4/14/29,"Faison, NC",Male,University of North Carolina,Physics,Medicine,Civilian,,,2,315,0,0,"STS-8 (Challenger), STS 51-B (Challenger)",,
Richard F. Gordon Jr. ,1963,3,Retired,1929,10/5/29,"Seattle, WA",Male,University of Washington,Chemistry,,Military,Captain,US Navy (Retired),2,315,1,0.5,"Gemini 11, Apollo 12",,
Joseph P. Allen,1967,6,Retired,1937,6/27/37,"Crawsfordsville, IN",Male,DePauw University; Yale University,Mathematics & Physics,Physics,Civilian,,,2,313,2,12,"ST-5 (Columbia), STS 51-A (Discovery)",,
Bruce McCandless II ,1966,5,Retired,1937,6/8/37,"Boston, MA",Male,US Naval Academy; Stanford University; University of Houston-Clear Lake,,Electrical Engineering; Business Administration,Military,Captain,US Navy (Retired),2,312,2,12,"STS 41-B (Challenger), STS-31 (Discovery)",,
Bruce E. Melnick,1987,12,Retired,1949,12/5/49,"New York, NY",Male,US Coast Guard Academy; West Florida University,Engineering,Aeronautical Systems,Military,Commander,US Coast Guard (Retired),2,311,0,0,"STS-41 (Discovery), STS-49 (Endeavor)",,
K. Megan McArthur,2000,18,Active,1971,8/30/71,"Honolulu, HI",Female,University of California-Los Angeles; University of California-San Diego,Aerospace Engineering,Oceanography,Civilian,,,1,309,0,0,STS-125 (Atlantis),,
Gregory C. Johnson,1998,17,Management,1954,7/30/54,"Seattle, WA",Male,University of Washington,Aerospace Engineering,,Military,Captain,US Navy (Retired),1,309,0,0,STS-125 (Atlantis),,
Joan E. Higginbotham,1996,16,Retired,1964,8/3/64,"Chicago, IL",Female,Southern Illinois University-Carbondale; Florida Institute of Technology,Electrical Engineering,Business Management; Space Systems,Civilian,,,1,308,0,0,STS-116 (Discovery),,
William A. Oefelein,1998,17,Retired,1965,3/29/65,"Ft. Belvoir, VA",Male,Oregon State University; University of Tennessee,Electrical Engineering,Aviation Systems,Military,Commander,US Navy (Retired),1,308,0,0,STS-116 (Discovery),,
Paul W. Richards,1996,16,Management,1964,5/20/64,"Scranton, PA",Male,Drexel University; University of Maryland,Mechanical Engineering,Mechanical Engineering,Civilian,,,1,307,1,6,STS-102 (Discovery),,
Richard R. Arnold II ,2004,19,Active,1963,11/26/63,"Cheverly, MD",Male,Frostburg State University; University of Maryland,Accounting,Environmental Science,Civilian,,,1,307,2,12,STS-119 (Discovery),,
Lisa M. Nowak,1996,16,Retired,1963,5/10/63,"Washington, DC",Female,US Naval Academy; US Naval Postgraduate School,Aerospace Engineering,Aeronautical Engineering,Military,Captain,US Navy (Retired),1,306,0,0,STS-121 (Discovery),,
Stanley G. Love,1998,17,Management,1965,6/8/65,"San Diego, CA",Male,Harvey Mudd College; University of Washington,Physics,Astronomy,Civilian,,,1,306,2,15,STS-122 (Atlantis),,
Barbara R. Morgan,1998,17,Retired,1951,11/28/51,"Fresno, CA",Female,Stanford University,Human Biology,,Civilian,,,1,305,0,0,STS-118 (Endeavor),,
Ronald E. Evans Jr. ,1966,5,Deceased,1933,11/10/33,"St. Francis, KS",Male,University of Kansas; US Naval Postgraduate School,Electrical Engineering,Aeronautical Engineering,Military,Captain,US Navy (Retired),1,301,1,1,Apollo 17,32969,
Harrison H. Schmitt,1965,4,Retired,1935,7/3/35,"Santa Rita, NM",Male,California Institute of Technology; Harvard University,Geology,Geology,Civilian,,,1,301,3,22,Apollo 17,,
Walter M. Schirra Jr. ,1959,1,Deceased,1923,3/12/23,"Hackensack, NJ",Male,US Naval Academy,Naval Sciences,,Military,Captain,US Navy (Retired),3,295,0,0,"Mercury 8, Gemini 6, Apollo 7",39204,
Alfred M. Worden,1966,5,Retired,1932,2/7/32,"Jackson, MI",Male,US Military Academy; University of Michigan,Military Science,Aeronautical & Astronautical Engineering,Military,Colonel,US Air Force (Retired),1,295,1,0.5,Apollo 15,,
James B. Irwin,1966,5,Deceased,1930,3/17/30,"Pittsburgh, PA",Male,US Naval Academy; University of Michigan,Naval Sciences,Aeronautical Engineering,Military,Colonel,US Air Force (Retired),1,295,3,20,Apollo 15,33458,
Robert F. Overmyer,1969,7,Deceased,1936,7/14/36,"Lorain, OH",Male,Baldwin Wallace College; US Naval Postgraduate School,Physics,Aeronautics,Military,Colonel,US Marine Corps (Retired),2,290,0,0,"STS-5 (Columbia), STS 51-B (Challenger)",35146,
Buzz Aldrin,1963,3,Retired,1930,1/20/30,"Montclair, NJ",Male,US Military Academy; MIT,Mechanical Engineering,Astronautics,Military,Colonel,US Air Force (Retired),2,289,2,8,"Gemini 12, Apollo 11",,
Robert L. Stewart,1978,8,Retired,1942,8/13/42,"Washington, DC",Male,University of Southern Mississippi; University of Texas-Arlington,Mathematics,Aerospace Engineering,Military,Brigadier General,US Army (Retired),2,289,2,12,"STS 41-B (Challenger), STS 51-J (Atlantis)",,
Donald E. Williams,1978,8,Retired,1958,2/13/58,"Lafayette, IN",Male,Purdue University,Mechanical Engineering,,Military,Captain,US Navy (Retired),2,287,0,0,"STS 51-D (Discovery), STS-34 (Atlantis)",,
Michael Collins,1963,3,Retired,1930,10/31/30,"Rome, Italy",Male,US Military Academy,,,Civilian,,US Air Force Reserves,2,266,1,1,"Gemini 10, Apollo 11",,
Charles M. Duke Jr. ,1966,5,Retired,1935,10/3/35,"Charlotte, NC",Male,US Naval Academy; MIT,Naval Sciences,Aeronautics,Military,Brigadier General,US Air Force (Retired),1,265,3,20,Apollo 16,,
Mary L. Cleave,1980,9,Retired,1947,2/5/47,"Southampton, NY",Female,Colorado State University; Utah State University,Biological Science,Microbial Ecology; Environmental Engineering,Civilian,,,2,262,0,0,"STS 61-B (Atlantis), STS-30 (Atlantis)",,
Duane G. Carey,1996,16,Retired,1957,4/30/57,"St. Paul, MN",Male,University of Minnesota-Minneapolis,Aerospace Engineering & Mechanics,Aerospace Engineering,Military,Lieutenant Colonel,US Air Force (Retired),1,262,0,0,STS-109 (Columbia),,
Donn F. Eisele,1963,3,Deceased,1930,5/23/30,"Columbus, OH",Male,US Naval Academy; US Air Force Institute of Technology,Astronautics,Astronautics,Military,Colonel,US Air Force (Retired),1,260,0,0,Apollo 7,32113,
Walter Cunningham,1963,3,Retired,1932,3/16/32,"Creston, IA",Male,University of California-Los Angeles,Physics,Physics,Military,Colonel,US Marine Corps Reserves,1,260,0,0,Apollo 7,,
Randolph J. Bresnik,2004,19,Active,1967,9/11/67,"Fort Knox, KY",Male,The Citadel; University of Tennessee-Knoxville,Mathematics,Aviation Systems,Military,Colonel,US Marine Corps,1,259,2,12,STS-129 (Atlantis),,
Robert L. Satcher Jr. ,2004,19,Retired,1965,9/22/65,"Hampton, VA",Male,MIT; Harvard University,Chemical Engineering,Chemical Engineering; Medicine,Civilian,,,1,259,2,12,STS-129 (Atlantis),,
Lee M. Morin,1996,16,Management,1952,9/9/52,"Manchester, NH",Male,University of New Hampshire; University of Alabama-Birmingham; New York University,Mathematical & Electrical Science,Public Health; Biochemistry; Medicine; Microbiology,Military,Captain,US Navy,1,259,2,14,STS-110 (Atlantis),,
Mark N. Brown,1984,10,Retired,1951,11/18/51,"Valparaiso, IN",Male,Purdue University; Air Force Institute of Technology,Aeronautical & Astronautical Engineering,Astronautical Engineering,Military,Colonel,US Air Force (Retired),2,249,0,0,"STS 28 (Columbia), STS-48 (Discovery)",,
Russell L. Schweickart,1963,3,Retired,1935,10/25/35,"Neptune, NJ",Male,MIT,Aeronautics & Astronautics,Aeronautics & Astronautics,Civilian,,,1,241,1,1,Apollo 9,,
Robert C. Springer,1980,9,Retired,1942,5/21/42,"St. Louis, MO",Male,US Naval Academy; US Naval Postgraduate School,Naval Sciences,Operations Research,Military,Colonel,US Marine Corps (Retired),2,237,0,0,"STS-29 (Discovery), STS-38 (Atlantis)",,
L. Gordon Cooper Jr. ,1959,1,Deceased,1927,3/6/27,"Shawnee, OK",Male,Air Force Institute of Technology,Aeronautical Engineering,,Military,Colonel,US Air Force (Retired),2,225,0,0,"Mercury 9, Gemini 5",38264,
Joe H. Engle,1966,5,Retired,1932,8/26/32,"Dickinson, KS",Male,University of Kansas,Aeronautical Engineering,,Military,Major General,US Air Force (Retired),2,224,0,0,"STS-2 (Columbia), STS 51-I (Discovery)",,
John H. Glenn Jr. ,1959,1,Retired,1921,7/18/21,"Cambridge, OH",Male,Muskingum College,Engineering,,Military,Colonel,US Marine Corps (Retired),2,218,0,0,"Mercury 6, STS-95 (Discovery)",,
F. Andrew Gaffney,,,Retired,1946,6/9/46,"Carlsbad, NM",Male,University of California-Berkeley; University of New Mexico,Psychology,Medicine,Civilian,,,1,218,0,0,STS-40 (Columbia),,
Millie Hughes-Fulford,,,Retired,1945,12/21/45,"Mineral Wells, TX",Female,Tarleton State University; Texas Woman’s University,Chemistry & Biology,,Civilian,,,1,218,0,0,STS-40 (Columbia),,
Donald K. Slayton,1959,1,Deceased,1924,3/1/24,"Sparta, WI",Male,University of Minnesota,Aeronautical Engineering,,Military,Major,US Air Force Reserves,1,217,0,0,Apollo-Soyuz Test Project,34133,
Stuart A. Roosa,1966,5,Deceased,1933,8/16/33,"Durango, CO",Male,University of Colorado,Aeronautical Engineering,,Military,Colonel,US Air Force (Retired),1,216,0,0,Apollo 14,34680,
Alan B. Shepard Jr. ,1959,1,Deceased,1923,11/18/23,"East Derry, NH",Male,US Naval Academy,Naval Sciences,,Military,Rear Admiral,US Navy (Retired),2,216,2,9,"Mercury 3, Apollo 14",35997,
Edgar D. Mitchell,1966,5,Retired,1930,9/17/30,"Hereford, TX",Male,Carnegie-Mellon University; US Naval Postgraduate School; MIT,Industrial Management,Aeronautical Engineering; Aeronautics & Astronautics,Military,Captain,US Navy (Retired),1,216,2,9,Apollo 14,,
Joe F. Edwards Jr. ,1995,15,Retired,1958,2/3/58,"Richmond, VA",Male,US Naval Academy; University of Tennessee-Knoxville,Aerospace Engineering,Aviation Systems,Military,Commander,US Navy (Retired),1,211,0,0,STS-89 (Endeavor),,
Neil A. Armstrong,1962,2,Deceased,1930,8/5/30,"Wapakoneta, OH",Male,Purdue University; University of Southern California,Aeronautical Engineering,Aerospace Engineering,Civilian,,,2,205,1,2,"Gemini 8, Apollo 11",41146,
Richard H. Truly,1969,7,Retired,1937,11/12/37,"Fayette, MS",Male,Georgia Institute of Technology,Aeronautical Engineering,,Military,Vice Admiral,US Navy (Retired),2,199,0,0,"STS-2 (Columbia), STS-8 (Challenger)",,
Jon A. McBride,1978,8,Retired,1943,8/14/43,"Charleston, WV",Male,US Naval Postgraduate School,Aeronautical Engineering,,Military,Captain,US Navy (Retired),1,197,0,0,STS 41-G (Challenger),,
Paul D. Scully-Power,,,Retired,1944,5/28/44,"Sydney, Australia",Male,University of Sydney,Applied Mathematics,,Civilian,,,1,197,0,0,STS 41-G (Challenger),,
Ronald E. McNair,1978,8,Deceased,1950,10/21/50,"Lake City, SC",Male,North Carolina A&T State College; MIT,Physics,Physics,Civilian,,,2,191,0,0,"STS 41-B (Challenger), STS 51-L (Challenger)",31440,STS 51-L (Challenger)
Anna L. Fisher,1978,8,Management,1949,8/24/49,"New York, NY",Female,University of California-Los Angeles,Chemistry,Chemistry; Medicine,Civilian,,,1,191,0,0,STS 51-A (Discovery),,
John-David F. Bartoe,,,Retired,1944,11/17/44,"Abington, PA",Male,Lehigh University; Georgetown University,Physics,Physics,Civilian,,,1,190,0,0,STS 51-F (Challenger),,
Roy D. Bridges Jr. ,1980,9,Retired,1943,7/19/43,"Atlanta, GA",Male,US Air Force Academy; Purdue University,Engineering Science,Astronautics,Military,Major General,US Air Force (Retired),1,190,0,0,STS 51-F (Challenger),,
Karl G. Henize,1967,6,Deceased,1926,10/17/26,"Cincinnati, OH",Male,University of Virginia; University of Michigan,Mathematics,Astronomy,Civilian,,,1,190,0,0,STS 51-F (Challenger),34247,
Mae C. Jemison,1987,12,Retired,1956,10/17/56,"Decatur, AL",Female,Stanford University; Cornell University,Chemical Engineering,Medicine,Civilian,,,1,190,0,0,STS-47 (Endeavor),,
Anthony W. England,1967,6,Retired,1942,5/15/42,"Indianapolis, IN",Male,MIT,Geology,Geology; Geophysics,Civilian,,,1,190,0,0,STS 51-F (Challenger),,
Loren W. Acton,,,Retired,1936,3/7/36,"Lewiston, MT",Male,Montana State University; University of Colorado,Engineering Physics,Solar Physics,Civilian,,,1,190,0,0,STS 51-F (Challenger),,
William F. Fisher,1980,9,Retired,1946,4/1/46,"Dallas, TX",Male,Stanford University; University of Houston; University of Florida,,Engineering; Medicine,Civilian,,,1,170,2,12,STS 51-I (Discovery),,
Taylor G. Wang,,,Retired,1940,6/16/40,"Jiangxi, China",Male,University of California at Los Angeles,Physics,Physics,Civilian,,,1,168,0,0,STS 51-B (Challenger),,
Don L. Lind,1966,5,Retired,1930,5/18/30,"Midvale, UT",Male,University of Utah; University of California-Berkley,Physics,Nuclear Physics,Civilian,,,1,168,0,0,STS 51-B (Challenger),,
Lodewijk van den Berg,,,Retired,1932,3/24/32,"Sluiskil, Netherlands",Male,Delft University of Technology; University of Delaware,Chemical Engineering,Applied Science,Civilian,,,1,168,0,0,STS 51-B (Challenger),,
Francis R. Scobee,1978,8,Deceased,1939,5/19/39,"Cle Elum, WA",Male,University of Arizona,Aerospace Engineering,,Military,Major,US Air Force (Retired),2,167,0,0,"STS 41-C (Challenger), STS 51-L (Challenger)",31440,STS 51-L (Challenger)
Terry J. Hart,1978,8,Retired,1946,10/27/46,"Pittsburgh, PA",Male,Lehigh University; MIT; Rutgers University,Mechanical Engineering,Mechanical Engineering; Electrical Engineering,Civilian,,,1,167,0,0,STS 41-C (Challenger),,
Jake Garn,,,Retired,1932,10/12/32,Richfield. UT,Male,University of Utah,Business Finance,,Civilian,,,1,167,0,0,STS 51-D (Discovery),,
S. David Griggs,1978,8,Deceased,1939,9/7/39,"Portland, OR",Male,US Naval Academy; George Washington University,,Business Administration,Civilian,,,1,167,1,3,STS 51-D (Discovery),32676,
Thomas J. Hennen,,,Retired,1952,8/17/52,"Albany, GA",Male,,,,Military,Chief Warrant Officer,US Army (Retired),1,166,0,0,STS-44 (Atlantis),,
Sherwood C. Spring,1980,9,Retired,1944,9/23/44,"Hartford, CT",Male,US Military Academy; University of Arizona,Engineering,Aerospace Engineering,Military,Colonel,US Army (Retired),1,165,2,12,STS 61-B (Atlantis),,
William A. Anders,1963,3,Retired,1933,10/17/33,Hong Kong,Male,US Naval Academy; Air Force Institute of Technology,Nuclear Engineering,Nuclear Engineering,Military,Major General,US Air Force Reserves (Retired),1,147,0,0,Apollo 8,,
Bill Nelson,,,Retired,1942,9/29/42,"Miami, FL",Male,Yale University; University of Virginia,,Law,Military,Captain,US Army (Retired),1,146,0,0,STS 61-C (Columbia),,
Robert Cenker,,,Retired,1948,11/5/48,"Uniontown, PA",Male,Pennsylvania State University; Rutgers University,Aerospace Engineering,Aerospace Engineering; Electrical Engineering,Civilian,,,1,146,0,0,STS 61-C (Columbia),,
Judith A. Resnik,1978,8,Deceased,1949,4/5/49,"Akron, OH",Female,Carnegie-Mellon University; University of Maryland,Electrical Engineering,Electrical Engineering,Civilian,,,2,144,0,0,"STS 41-D (Discovery), STS 51-L (Challenger)",31440,STS 51-L (Challenger)
Fred W. Haise Jr. ,1966,5,Retired,1933,11/14/33,"Biloxi, MS",Male,University of Oklahoma,Aeronautical Engineering,,Civilian,,,1,142,0,0,Apollo 13 ,,
John L. Swigert Jr. ,1966,5,Deceased,1931,8/30/31,"Denver, CO",Male,University of Colorado; Rensselaer Polytechnic Institute; University of Hartford,Mechanical Engineering,Aerospace Science; Business Administration,Civilian,,,1,142,0,0,Apollo 13,30312,
William B. Lenoir,1967,6,Deceased,1939,3/14/39,"Miami, FL",Male,MIT,Electrical Engineering,Electrical Engineering,Civilian,,,1,122,0,0,STS-5 (Columbia),41147,
Manley Lanier Carter Jr. ,1984,10,Deceased,1947,8/15/47,"Macon, GA",Male,Emory University,Chemistry,Medicine,Military,Captain,US Navy,1,120,0,0,STS-33 (Discovery),33333,
Donald H. Peterson,1969,7,Retired,1933,10/22/33,"Winona, MS",Male,US Military Academy; US Air Force Institute of Technology,,Nuclear Engineering,Military,Colonel,US Air Force (Retired),1,120,1,4,STS-6 (Challenger),,
Michael J. McCulley,1984,10,Retired,1943,8/4/43,"San Diego, CA",Male,Purdue University,Metallurgical Engineering,Metallurgical Engineering,Military,Captain,US Navy (Retired),1,119,0,0,STS-34 (Atlantis),,
William A. Pailes,,,Retired,1952,6/26/52,"Hackensack, NJ",Male,US Air Force Academy; Texas A&M University,Computer Science,Computer Science,Military,Colonel,US Air Force (Retired),1,97,0,0,STS 51-J (Atlantis),,
Edward H. White II ,1962,2,Deceased,1930,11/14/30,"San Antonio, TX",Male,US Military Academy; University of Michigan,,Aeronautical Engineering,Military,Lieutenant Colonel,US Air Force,2,97,1,0.5,"Gemini 4, Apollo 1",24499,Apollo 1
Ellison S. Onizuka,1978,8,Deceased,1946,6/24/46,"Kealakekua, HI",Male,University of Colorado,Aerospace Engineering,Aerospace Engineering,Military,Lieutenant Colonel,US Air Force,2,73,0,0,"STS 51-C (Discovery), STS 51-L (Challenger)",31440,STS 51-L (Challenger)
Gary E. Payton,,,Retired,1948,6/20/48,"Rock Island, IL",Male,US Air Force Academy; Purdue University,Astronautical Engineering,Astronautical & Aeronautical Engineering,Military,Major,US Air Force,1,73,0,0,STS 51-C (Discovery),,
Virgil I. Grissom,1959,1,Deceased,1926,4/3/26,"Mitchell, IN",Male,Purdue University,Mechanical Engineering,,Military,Lieutenant Colonel,US Air Force,2,5,0,0,"Mercury 4, Gemini 3, Apollo 1",24499,Apollo 1
M. Scott Carpenter,1959,1,Retired,1925,5/1/25,"Boulder, CO",Male,University of Colorado,Aeronautical Engineering,,Military,Commander,US Navy (Retired),1,4,0,0,Mercury 7,,
Scott D. Tingle,2009,20,Active,1965,7/19/65,"Attleboro, MA",Male,Southeastern Massachusetts University; Purdue University,Mechanical Engineering,Mechanical Engineering,Military,Commander,US Navy,0,0,0,0,,,
Michael J. Smith,1980,9,Deceased,1945,4/30/45,"Beaufort, NC",Male,US Naval Academy; US Naval Postgraduate School,Naval Sciences,Aeronautical Engineering,Military,Captain,US Navy,1,0,0,0,STS 51-L (Challenger),31440,STS 51-L (Challenger)
Christopher J. Loria,1996,16,Retired,1960,7/9/60,"Belmont, MA",Male,US Naval Academy; Harvard University,Engineering,Public Administration,Military,Colonel,US Marine Corps (Retired),0,0,0,0,,,
S. Christa McAuliffe,,,Deceased,1948,9/2/48,"Boston, MA",Female,Framingham State College; Bowie State College,Education,Education,Civilian,,,1,0,0,0,STS 51-L (Challenger),31440,STS 51-L (Challenger)
Brian T. O'Leary,1967,6,Deceased,1940,1/27/40,"Boston, MA",Male,Williams College; Georgetown University; University of California-Berkeley,Physics,Astronomy,Civilian,,,0,0,0,0,,40752,
Fernando Caldeiro,1996,16,Deceased,1958,6/12/58,"Buenos Aires, Argentina",Male,University of Arizona; University of Central Florida,Mechanical Engineering,Engineering Management,Civilian,,,0,0,0,0,,40089,
John A. Llewellyn,1967,6,Retired,1933,4/22/33,"Cardiff, Wales",Male,University College at Cardiff,Chemistry,Chemistry,Civilian,,,0,0,0,0,,,
Neil W. Woodward III ,1998,17,Retired,1962,7/26/62,"Chicago, IL",Male,MIT; University of Texas-Austin; George Washington University,Physics,Physics; Business Management,Military,Commander,US Navy,0,0,0,0,,,
Donald L. Holmquest,1967,6,Retired,1939,4/7/39,"Dallas, TX",Male,Southern Methodist University; Baylor University; University of Houston,Electrical Engineering,Physiology; Medicine; Law,Civilian,,,0,0,0,0,,,
Elliot M. See Jr. ,1962,2,Deceased,1927,7/23/27,"Dallas, TX",Male,US Merchant Marine Academy; University of California-Los Angeles,,Engineering,Civilian,,,0,0,0,0,,24166,
Charles A. Bassett II ,1963,3,Deceased,1931,12/30/31,"Dayton, OH",Male,Texas Technological College,Electrical Engineering,,Military,Captain,US Air Force,0,0,0,0,,24166,
Gregory B. Jarvis,,,Deceased,1944,8/24/44,"Detroit, MI",Male,State University of New York at Buffalo; Northeastern University,Electrical Engineering,Electrical Engineering,Civilian,,,1,0,0,0,STS 51-L (Challenger),31440,STS 51-L (Challenger)
Mark T. Vande Hei,2009,20,Active,1966,11/10/66,"Falls Church, VA",Male,Saint John’s University; Stanford University,Physics,Applied Physics,Military,Colonel,US Army,0,0,0,0,,,
Stephen D. Thorne,1985,11,Deceased,1953,2/11/53,"Frankfurt, West Germany",Male,US Naval Academy,Engineering,,Military,Lieutenant Commander,US Navy,0,0,0,0,,31556,
Roger B. Chaffee,1963,3,Deceased,1935,2/15/35,"Grand Rapids, MI",Male,Purdue University,Aeronautical Engineering,,Military,Lieutenant Commander,US Navy,1,0,0,0,Apollo 1,24499,Apollo 1
Theodore C. Freeman,1963,3,Deceased,1930,2/18/30,"Haversford, PA",Male,US Naval Academy; University of Michigan,,Aeronautical Engineering,Military,Captain,US Air Force,0,0,0,0,,23681,
Patricia Hilliard Robertson,1998,17,Deceased,1963,3/12/63,"Indiana, PA",Female,Indiana University of Pennsylvania; Medical College of Pennsylvania,Biology,Medicine,Civilian,,,0,0,0,0,,37035,
Serena M. Aunon,2009,20,Active,1976,4/9/76,"Indianapolis, IN",Female,George Washington University; University of Texas,Electrical Engineering,Medicine,Civilian,,,0,0,0,0,,,
F. Curtis Michel,1965,4,Retired,1934,6/5/34,"LaCrosse, WI",Male,California Institute of Technology,Physics,Physics,Civilian,,,0,0,0,0,,,
Jack D. Fischer,2009,20,Active,1974,1/23/74,"Louisville, CO",Male,US Air Force Academy; MIT,Astronautical Engineering,Aeronautics & Astronautics,Civilian,,,0,0,0,0,,,
Philip K. Chapman,1967,6,Retired,1935,3/5/35,"Melbourne, Australia",Male,University of Sydney; MIT,Physics & Mathematics,Aeronautics & Astronautics; Instrumentation,Civilian,,,0,0,0,0,,,
John S. Bull,1966,5,Deceased,1934,9/25/34,"Memphis, TN",Male,Rice University; Stanford University,Mechanical Engineering,Aeronautical Engineering,Civilian,,,0,0,0,0,,39671,
Clifton C. Williams Jr. ,1963,3,Deceased,1932,9/26/32,"Mobile, AL",Male,Auburn University,Mechanical Engineering,,Military,Major,US Marine Corps,0,0,0,0,,24750,
Duane E. Graveline,1965,4,Retired,1931,3/2/31,"Newport, VT",Male,University of Vermont; Johns Hopkins University,,Public Health; Medicine,Civilian,,,0,0,0,0,,,
Edward G. Givens Jr. ,1966,5,Deceased,1930,1/5/30,"Quanah, TX",Male,US Naval Academy,Naval Sciences,,Military,Major,US Air Force,0,0,0,0,,24629,
Jeanette J. Epps,2009,20,Active,1970,11/3/70,"Syracuse, NY",Female,LeMoyne College; University of Maryland,Physics,Aerospace Engineering,Civilian,,,0,0,0,0,,,
Yvonne D. Cagle,1996,16,Management,1959,4/24/59,"West Point, NY",Female,San Francisco State University,Biochemistry,,Military,Colonel,US Air Force,0,0,0,0,,,